"state","date","year","month","obs","popn","tas","RH"
"NSW",2008-01-01,2008,1,12,6919907,21.5970859387989,73.4874137407528
"NSW",2008-02-01,2008,2,27,6919907,19.4045242414396,73.8973537405653
"NSW",2008-03-01,2008,3,44,6919907,19.029131557676,70.2508382468844
"NSW",2008-04-01,2008,4,31,6943461,14.6495817454557,73.1270662801132
"NSW",2008-05-01,2008,5,90,6943461,12.4827421348744,72.9626130361298
"NSW",2008-06-01,2008,6,70,6943461,12.0433961004881,77.9277231707347
"NSW",2008-07-01,2008,7,200,6972395,9.44275888579227,69.4611581193977
"NSW",2008-08-01,2008,8,483,6972395,9.46813937475619,65.3300426520527
"NSW",2008-09-01,2008,9,441,6972395,14.169236803367,63.8994478150336
"NSW",2008-10-01,2008,10,244,7001782,17.1503622339336,64.6757193218985
"NSW",2008-11-01,2008,11,124,7001782,18.2820544687837,66.726393524128
"NSW",2008-12-01,2008,12,76,7001782,20.4025319276055,64.0127892293567
"NSW",2009-01-01,2009,1,110,7032423,22.8400996988132,62.0110324355288
"NSW",2009-02-01,2009,2,49,7032423,21.608310627695,71.4867230264722
"NSW",2009-03-01,2009,3,75,7032423,19.9402901652691,69.1451269375628
"NSW",2009-04-01,2009,4,93,7053755,16.2683390693409,73.4913589243699
"NSW",2009-05-01,2009,5,448,7053755,13.383923020053,74.520375696376
"NSW",2009-06-01,2009,6,3065,7053755,10.97240853321,76.405181691376
"NSW",2009-07-01,2009,7,7846,7079175,10.0344357675952,70.2525109286402
"NSW",2009-08-01,2009,8,912,7079175,12.4945344055427,58.7036449442416
"NSW",2009-09-01,2009,9,123,7079175,15.163607570603,58.4838227521242
"NSW",2009-10-01,2009,10,51,7101504,15.6968778384244,66.1135176269395
"NSW",2009-11-01,2009,11,30,7101504,21.5796452641577,63.4330969229243
"NSW",2009-12-01,2009,12,47,7101504,21.555889081438,65.6124197926473
"NSW",2010-01-01,2010,1,55,7128356,23.1254908253209,66.5142131888286
"NSW",2010-02-01,2010,2,35,7128356,22.1925093917034,73.0378934662184
"NSW",2010-03-01,2010,3,35,7128356,20.0798934755826,71.2577396828676
"NSW",2010-04-01,2010,4,74,7144292,17.1127927244898,71.7845771724615
"NSW",2010-05-01,2010,5,52,7144292,13.0981184950999,74.9468026785715
"NSW",2010-06-01,2010,6,41,7144292,10.2517007293535,75.5554570468551
"NSW",2010-07-01,2010,7,112,7162726,10.2122521620797,78.2480927081716
"NSW",2010-08-01,2010,8,243,7162726,10.5690724527565,65.7013473830508
"NSW",2010-09-01,2010,9,380,7162726,13.6817773793714,66.4296517380942
"NSW",2010-10-01,2010,10,336,7179891,16.0250889237454,73.2571830445752
"NSW",2010-11-01,2010,11,92,7179891,18.5334077468304,73.2449367401102
"NSW",2010-12-01,2010,12,112,7179891,20.3756669076801,70.4701385177377
"NSW",2011-01-01,2011,1,129,7204737,22.5301164564917,72.4487034564618
"NSW",2011-02-01,2011,2,105,7204737,22.6509941181693,69.6748252648888
"NSW",2011-03-01,2011,3,134,7204737,19.6492256190458,75.0585702098338
"NSW",2011-04-01,2011,4,126,7218529,15.6741798919777,74.4893685895748
"NSW",2011-05-01,2011,5,155,7218529,11.7696963083023,72.3923385561979
"NSW",2011-06-01,2011,6,489,7218529,10.5319136633641,73.735860847693
"NSW",2011-07-01,2011,7,1752,7239528,9.50769853139591,71.530745111527
"NSW",2011-08-01,2011,8,1434,7239528,11.7896900665212,73.555945555482
"NSW",2011-09-01,2011,9,825,7239528,13.9952373657422,61.905676361126
"NSW",2011-10-01,2011,10,322,7258722,15.7628936980117,69.396433824771
"NSW",2011-11-01,2011,11,182,7258722,19.9770654669176,71.2483055903521
"NSW",2011-12-01,2011,12,138,7258722,17.7884684288511,72.2881315201149
"NSW",2012-01-01,2012,1,55,7284982,20.896294843997,71.2564680280638
"NSW",2012-02-01,2012,2,56,7284982,20.3516379258445,78.4723788280671
"NSW",2012-03-01,2012,3,134,7284982,18.5499919713416,76.5183489024709
"NSW",2012-04-01,2012,4,82,7304244,16.4812297510944,75.0427781085373
"NSW",2012-05-01,2012,5,233,7304244,12.022784603536,70.9342281714555
"NSW",2012-06-01,2012,6,2064,7304244,10.2397426235698,79.5727150264846
"NSW",2012-07-01,2012,7,2233,7327614,9.81789458261116,74.6389654340178
"NSW",2012-08-01,2012,8,1837,7327614,10.784648384113,59.888631871235
"NSW",2012-09-01,2012,9,784,7327614,14.0706032329645,60.0945849113018
"NSW",2012-10-01,2012,10,262,7353189,16.246425804343,58.718611030324
"NSW",2012-11-01,2012,11,152,7353189,19.3622223198059,67.1150480188956
"NSW",2012-12-01,2012,12,97,7353189,20.9506008462592,65.3407933611277
"NSW",2013-01-01,2013,1,95,7382957,23.0679173078364,67.9949344198534
"NSW",2013-02-01,2013,2,130,7382957,20.6779102562283,74.5205613689732
"NSW",2013-03-01,2013,3,169,7382957,19.835118177628,72.0343664464597
"NSW",2013-04-01,2013,4,119,7404032,16.2563011710453,72.1778735115006
"NSW",2013-05-01,2013,5,182,7404032,12.9009854965682,72.8004183803971
"NSW",2013-06-01,2013,6,335,7404032,11.0765841813324,81.3298481491403
"NSW",2013-07-01,2013,7,759,7430904,10.698734632122,75.3278881222972
"NSW",2013-08-01,2013,8,3331,7430904,12.0216686202492,61.0072788184031
"NSW",2013-09-01,2013,9,2124,7430904,16.2131328258764,58.692097477932
"NSW",2013-10-01,2013,10,622,7454938,17.5268024961404,52.5332274824139
"NSW",2013-11-01,2013,11,342,7454938,18.2337667966705,64.9771431710829
"NSW",2013-12-01,2013,12,172,7454938,21.3145761256085,60.9032205160931
"NSW",2014-01-01,2014,1,300,7487834,22.3097047191194,63.4740335456148
"NSW",2014-02-01,2014,2,220,7487834,21.4494168935869,70.0468695024805
"NSW",2014-03-01,2014,3,197,7487834,20.1114978871386,76.2208904354179
"NSW",2014-04-01,2014,4,197,7508353,17.1037529565795,74.1636857358103
"NSW",2014-05-01,2014,5,283,7508353,14.1550863648658,72.180951094164
"NSW",2014-06-01,2014,6,494,7508353,11.4438543498452,74.5143536278332
"NSW",2014-07-01,2014,7,2864,7536277,10.2201609659023,67.2911127905099
"NSW",2014-08-01,2014,8,11225,7536277,10.7469090274561,74.132966855885
"NSW",2014-09-01,2014,9,3833,7536277,14.0149769323038,64.8619194688125
"NSW",2014-10-01,2014,10,832,7562171,17.883713431617,60.084372425863
"NSW",2014-11-01,2014,11,210,7562171,20.4590209950027,63.3592581602096
"NSW",2014-12-01,2014,12,214,7562171,21.4495845713555,67.7266739490974
"NSW",2015-01-01,2015,1,321,7595731,22.1586712202633,70.722322572517
"NSW",2015-02-01,2015,2,350,7595731,21.3462019818947,74.3517158172398
"NSW",2015-03-01,2015,3,402,7595731,19.9195047898897,68.1053188315523
"NSW",2015-04-01,2015,4,364,7616168,16.1353276827392,76.609690531409
"NSW",2015-05-01,2015,5,486,7616168,13.2448040657111,73.3822998512807
"NSW",2015-06-01,2015,6,926,7616168,10.4476266383553,78.9950492821553
"NSW",2015-07-01,2015,7,3360,7645324,9.10881084854106,73.021941437149
"NSW",2015-08-01,2015,8,11864,7645324,11.2000494094353,67.9987816564345
"NSW",2015-09-01,2015,9,9948,7645324,13.2660695302085,68.0109797641556
"NSW",2015-10-01,2015,10,1804,7671401,18.9082979758713,64.2960503529661
"NSW",2015-11-01,2015,11,284,7671401,20.0778463703442,67.9807720584558
"NSW",2015-12-01,2015,12,152,7671401,21.0394901600703,64.5036872979702
"NSW",2016-01-01,2016,1,379,7707412,21.7412794675109,70.0243026205016
"NSW",2016-02-01,2016,2,579,7707412,22.3470092273816,68.481892813857
"NSW",2016-03-01,2016,3,662,7707412,21.0151775598055,71.3475884611381
"NSW",2016-04-01,2016,4,874,7732858,18.2681744593925,72.6070041832673
"NSW",2016-05-01,2016,5,621,7732858,14.4093712548497,65.5916876309725
"NSW",2016-06-01,2016,6,999,7732858,11.3849425789932,74.0948119109341
"NSW",2016-07-01,2016,7,4688,7767915,11.0380464036902,73.3036736045683
"NSW",2016-08-01,2016,8,11414,7767915,11.2728124689019,70.6692140175709
"NSW",2016-09-01,2016,9,11772,7767915,13.9926653782871,69.3386699521073
"NSW",2016-10-01,2016,10,2050,7795625,16.0253214827135,57.4180482003666
"NSW",2016-11-01,2016,11,930,7795625,19.7196188743158,59.5917185900795
"NSW",2016-12-01,2016,12,640,7795625,22.8060890405229,62.8726329481793
"NSW",2017-01-01,2017,1,668,7833463,24.3317373255652,65.032472863714
"NSW",2017-02-01,2017,2,699,7833463,23.5358862120934,65.6335617358547
"NSW",2017-03-01,2017,3,962,7833463,20.5869209968129,77.8270517171918
"NSW",2017-04-01,2017,4,523,7855316,15.9879413069344,71.9396530495096
"NSW",2017-05-01,2017,5,871,7855316,13.2770879435443,74.4054979459133
"NSW",2017-06-01,2017,6,3580,7855316,10.9531644051816,79.3409121178609
"NSW",2017-07-01,2017,7,14727,7884752,10.1609926185085,63.5762079685478
"NSW",2017-08-01,2017,8,43848,7884752,11.2583678071677,58.3954357896497
"NSW",2017-09-01,2017,9,33126,7884752,15.1042814646455,47.9399823718248
"NSW",2017-10-01,2017,10,3663,7900946,17.8457530301995,67.3360519644419
"NSW",2017-11-01,2017,11,625,7900946,18.3875772467056,69.0694053800768
"NSW",2017-12-01,2017,12,506,7900946,22.5915045679038,65.631229499331
"NSW",2018-01-01,2018,1,1108,7934688,23.5381328656074,62.0035212772554
"NSW",2018-02-01,2018,2,1175,7934688,22.1545797326833,64.005823850129
"NSW",2018-03-01,2018,3,1030,7934688,20.7020879939563,69.2851497221702
"NSW",2018-04-01,2018,4,433,7954476,19.1053862991564,67.1850476781593
"NSW",2018-05-01,2018,5,393,7954476,13.4775450541185,65.3766712177468
"NSW",2018-06-01,2018,6,676,7954476,10.6239877375645,74.8414933827827
"NSW",2018-07-01,2018,7,1334,7984525,10.5500944133949,59.1974633405216
"NSW",2018-08-01,2018,8,3997,7984525,11.1607623813409,57.203740891536
"NSW",2018-09-01,2018,9,3979,7984525,13.7506687917212,62.9528695281298
"NSW",2018-10-01,2018,10,1373,8003564,16.8794836387545,72.1602934438925
"NSW",2018-11-01,2018,11,1018,8003564,19.269683576889,61.6287644412516
"NSW",2018-12-01,2018,12,950,8003564,22.4931094676465,64.2206778518019
"NSW",2019-01-01,2019,1,1767,8032991,25.3988402861755,67.4802079907259
"NSW",2019-02-01,2019,2,2303,8032991,22.1745049874434,65.0403892000354
"NSW",2019-03-01,2019,3,3484,8032991,20.8544054092657,70.4052030651594
"NSW",2019-04-01,2019,4,3030,8046748,17.7570041717741,71.0689798285249
"NSW",2019-05-01,2019,5,8653,8046748,13.844138695711,67.523051583581
"NSW",2019-06-01,2019,6,22621,8046748,11.1983676953047,75.4889144199112
"NSW",2019-07-01,2019,7,29202,8071350,11.0767991652945,66.3463915691148
"NSW",2019-08-01,2019,8,29472,8071350,11.2601856040712,59.730770665538
"NSW",2019-09-01,2019,9,11010,8071350,14.4858360048215,59.2431304448199
"NSW",2019-10-01,2019,10,2287,8088361,17.7971729146053,56.239008110023
"NSW",2019-11-01,2019,11,1421,8088361,20.5202944803206,50.8221235451591
"NSW",2019-12-01,2019,12,1163,8088361,22.7952536908704,53.7148616366123
"NSW",2020-01-01,2020,1,2817,8112001,24.0973192753522,67.3095821536416
"NSW",2020-02-01,2020,2,2588,8112001,21.797759266047,73.099444420702
"NSW",2020-03-01,2020,3,1629,8112001,19.053343753739,73.398356347208
"NSW",2020-04-01,2020,4,66,8110610,16.9241719139829,69.186571620821
"NSW",2020-05-01,2020,5,67,8110610,12.7174822053747,73.2810419366966
"NSW",2020-06-01,2020,6,45,8110610,11.0000501823754,77.1791933761948
"NSW",2020-07-01,2020,7,50,8098905,10.7484867717203,76.6521602232227
"NSW",2020-08-01,2020,8,21,8098905,11.1086512649828,66.120422714332
"NSW",2020-09-01,2020,9,19,8098905,14.9830031679492,65.804595056653
"NSW",2020-10-01,2020,10,8,8094300,17.4184030907547,69.350994307332
"NSW",2020-11-01,2020,11,12,8094300,20.1441415581724,63.6798044293982
"NSW",2020-12-01,2020,12,7,8094300,20.2887966915665,70.5589871312518
"NSW",2021-01-01,2021,1,10,8093015,21.6385547245554,68.3266063431136
"NSW",2021-02-01,2021,2,3,8093015,20.6366878273617,74.6550569819641
"NSW",2021-03-01,2021,3,1,8093015,19.018940386415,73.6823738225659
"NSW",2021-04-01,2021,4,7,8097062,15.6592429147409,68.9278580068949
"NSW",2021-05-01,2021,5,15,8097062,13.0761228702652,73.9106175659497
"NSW",2021-06-01,2021,6,12,8097062,10.6773607934296,77.3361394366072
"NSW",2021-07-01,2021,7,13,8088503,10.1910837303551,71.5063373688132
"NSW",2021-08-01,2021,8,6,8088503,11.8715761724807,66.1590766088225
"NSW",2021-09-01,2021,9,4,8088503,14.2031750803095,62.5473856726147
"NSW",2021-10-01,2021,10,9,8101223,16.3555077565277,65.0477942084149
"NSW",2021-11-01,2021,11,17,8101223,17.5911224567961,75.1529545255801
"NSW",2021-12-01,2021,12,44,8101223,20.1273326256697,71.9419836933939
"NSW",2022-01-01,2022,1,12,8137688,22.0871388885909,76.8065350783956
"NSW",2022-02-01,2022,2,21,8137688,20.6443603367002,74.8270722057637
"NSW",2022-03-01,2022,3,270,8137688,19.3840500041847,80.4253270562411
"NSW",2022-04-01,2022,4,3067,8166704,16.9004563611013,78.4958598062742
"NSW",2022-05-01,2022,5,24641,8166704,13.7001826021575,79.5902932760837
"NSW",2022-06-01,2022,6,64238,8166704,9.84116225163412,72.9128288230422
"NSW",2022-07-01,2022,7,18496,8208590,10.254537662992,77.0250133830432
"NSW",2022-08-01,2022,8,2108,8208590,11.6569942038623,72.4684535114482
"NSW",2022-09-01,2022,9,660,8208590,13.3082482771347,73.4906068199419
"NSW",2022-10-01,2022,10,517,8249295,16.1095821959171,74.8659826522278
"NSW",2022-11-01,2022,11,678,8249295,16.7749316024076,64.3025495426797
"NSW",2022-12-01,2022,12,1667,8249295,18.7196746266585,64.3391887651975
"QLD",2008-01-01,2008,1,56,4191479,24.0648531278403,77.4996540135383
"QLD",2008-02-01,2008,2,89,4191479,23.5103333898322,76.707168732115
"QLD",2008-03-01,2008,3,66,4191479,21.5799981046076,71.6745275992542
"QLD",2008-04-01,2008,4,81,4219505,19.0650806847817,68.7999777293072
"QLD",2008-05-01,2008,5,103,4219505,16.6967352668385,69.1841573043666
"QLD",2008-06-01,2008,6,108,4219505,15.8309576830414,76.3698628286813
"QLD",2008-07-01,2008,7,170,4247991,14.0841328494446,71.5029121435281
"QLD",2008-08-01,2008,8,1397,4247991,14.0584180108097,59.8106198285769
"QLD",2008-09-01,2008,9,1219,4247991,18.7576552117384,70.7910617226414
"QLD",2008-10-01,2008,10,351,4275551,20.2516041835934,66.484696733728
"QLD",2008-11-01,2008,11,28,4275551,22.8995120455985,70.5911154024171
"QLD",2008-12-01,2008,12,34,4275551,24.8982953414746,67.4214020522557
"QLD",2009-01-01,2009,1,40,4305605,24.4301156323708,72.1453615121853
"QLD",2009-02-01,2009,2,36,4305605,24.3508002520245,75.603969321618
"QLD",2009-03-01,2009,3,25,4305605,23.217799851047,71.4146546390642
"QLD",2009-04-01,2009,4,28,4328771,20.8669164674475,72.4194175909084
"QLD",2009-05-01,2009,5,325,4328771,17.243162505614,73.868054349625
"QLD",2009-06-01,2009,6,1894,4328771,14.9396235887866,75.752734073187
"QLD",2009-07-01,2009,7,12420,4350135,14.0534687650739,67.7898338668841
"QLD",2009-08-01,2009,8,2798,4350135,17.3384067613107,65.3278207607857
"QLD",2009-09-01,2009,9,463,4350135,18.9076535696863,61.1030394612581
"QLD",2009-10-01,2009,10,147,4367454,20.7040861377552,59.2139421998722
"QLD",2009-11-01,2009,11,77,4367454,23.7122403430097,65.9277381712464
"QLD",2009-12-01,2009,12,56,4367454,24.750458049674,70.1331750981573
"QLD",2010-01-01,2010,1,49,4387801,25.1938637341287,69.6201405847156
"QLD",2010-02-01,2010,2,55,4387801,24.4915793435275,76.8373750733194
"QLD",2010-03-01,2010,3,71,4387801,22.845777901279,77.1628164795241
"QLD",2010-04-01,2010,4,100,4404744,21.2869264420096,75.0104841510975
"QLD",2010-05-01,2010,5,70,4404744,17.2088288340782,72.2433987587585
"QLD",2010-06-01,2010,6,83,4404744,15.0696069713441,71.9114598885024
"QLD",2010-07-01,2010,7,231,4421470,15.402792434778,75.185345153184
"QLD",2010-08-01,2010,8,457,4421470,15.1791620907446,66.3590589281861
"QLD",2010-09-01,2010,9,684,4421470,19.0397823250164,73.2131134409546
"QLD",2010-10-01,2010,10,526,4436882,19.5745860751738,73.8631541132457
"QLD",2010-11-01,2010,11,356,4436882,21.4217525990942,72.4539215488389
"QLD",2010-12-01,2010,12,545,4436882,23.1806418867473,80.8733273474734
"QLD",2011-01-01,2011,1,385,4457971,24.0553871107458,77.0775419530492
"QLD",2011-02-01,2011,2,364,4457971,24.4051901538727,76.7044499889023
"QLD",2011-03-01,2011,3,410,4457971,23.0845985106706,76.752447429643
"QLD",2011-04-01,2011,4,381,4476778,20.0362338857744,77.1258875919137
"QLD",2011-05-01,2011,5,269,4476778,15.9728562793164,72.0521091085223
"QLD",2011-06-01,2011,6,810,4476778,13.8714118432336,71.9283219475862
"QLD",2011-07-01,2011,7,2623,4498104,13.2878012764266,66.4209917271287
"QLD",2011-08-01,2011,8,3218,4498104,15.3906584090853,70.7233398125127
"QLD",2011-09-01,2011,9,1283,4498104,17.2329418021645,63.3699351444344
"QLD",2011-10-01,2011,10,345,4518649,19.7828282229168,70.9968521285422
"QLD",2011-11-01,2011,11,150,4518649,23.4698581734278,69.3557470844125
"QLD",2011-12-01,2011,12,136,4518649,22.3648557226563,70.8067543761522
"QLD",2012-01-01,2012,1,88,4545613,23.9776945781611,73.9235780824732
"QLD",2012-02-01,2012,2,112,4545613,24.0305894469424,75.5335436985996
"QLD",2012-03-01,2012,3,194,4545613,22.5369186910699,75.5208442838494
"QLD",2012-04-01,2012,4,154,4568687,20.2367584874379,74.2732452189566
"QLD",2012-05-01,2012,5,255,4568687,16.5774082872837,71.3812621300332
"QLD",2012-06-01,2012,6,1328,4568687,14.7577294971626,75.8512905147422
"QLD",2012-07-01,2012,7,3916,4592100,14.2906010448708,71.9018497307175
"QLD",2012-08-01,2012,8,8075,4592100,14.9344146812081,59.6220176966994
"QLD",2012-09-01,2012,9,1925,4592100,18.1758912210738,65.0512403771194
"QLD",2012-10-01,2012,10,410,4611304,20.2721831217079,62.3561203171742
"QLD",2012-11-01,2012,11,265,4611304,22.6070098023371,66.7014662066311
"QLD",2012-12-01,2012,12,108,4611304,24.5718477178671,64.8390073900882
"QLD",2013-01-01,2013,1,211,4634430,25.5214277012351,71.1493580281682
"QLD",2013-02-01,2013,2,238,4634430,23.261884855761,74.3312594437397
"QLD",2013-03-01,2013,3,354,4634430,22.6382816129816,75.9128323096513
"QLD",2013-04-01,2013,4,198,4652824,20.0689421080661,74.3908407597734
"QLD",2013-05-01,2013,5,253,4652824,16.9849648073058,72.3820245538708
"QLD",2013-06-01,2013,6,190,4652824,14.9562432785421,75.54818872728
"QLD",2013-07-01,2013,7,370,4670784,15.4786936166149,77.6808181078192
"QLD",2013-08-01,2013,8,1180,4670784,16.0960734904542,62.1418851324948
"QLD",2013-09-01,2013,9,995,4670784,19.8960848699198,65.4954283440236
"QLD",2013-10-01,2013,10,560,4685439,21.483895086573,62.928414861772
"QLD",2013-11-01,2013,11,577,4685439,22.5402039548845,67.5619533714356
"QLD",2013-12-01,2013,12,357,4685439,23.811380489666,64.4426112161293
"QLD",2014-01-01,2014,1,486,4705187,24.8990451459452,67.1438261778622
"QLD",2014-02-01,2014,2,386,4705187,24.3050046752589,69.4309284781845
"QLD",2014-03-01,2014,3,448,4705187,23.225948106114,72.8538104881728
"QLD",2014-04-01,2014,4,362,4719653,21.2678136515635,73.1407388669664
"QLD",2014-05-01,2014,5,531,4719653,17.9281848122255,72.5787449154761
"QLD",2014-06-01,2014,6,569,4719653,15.7152392986058,71.826839024248
"QLD",2014-07-01,2014,7,1867,4734613,13.5905612386456,63.8541238884576
"QLD",2014-08-01,2014,8,7593,4734613,15.5505484500468,68.6171881066508
"QLD",2014-09-01,2014,9,3797,4734613,17.9751280331892,62.5384890960057
"QLD",2014-10-01,2014,10,1185,4747263,21.2328717814151,62.0593915209931
"QLD",2014-11-01,2014,11,301,4747263,24.2605142143121,65.8051255422102
"QLD",2014-12-01,2014,12,339,4747263,24.7264662944045,71.0467937152056
"QLD",2015-01-01,2015,1,527,4764439,25.2107377413093,73.4407065400039
"QLD",2015-02-01,2015,2,378,4764439,24.1044739628782,72.8898757343373
"QLD",2015-03-01,2015,3,475,4764439,24.430255122834,71.027786466672
"QLD",2015-04-01,2015,4,567,4777692,20.2186309850132,70.0390868389148
"QLD",2015-05-01,2015,5,854,4777692,17.6794281409626,71.5763933877342
"QLD",2015-06-01,2015,6,1054,4777692,15.8617055865875,75.640151780868
"QLD",2015-07-01,2015,7,3889,4791520,14.1128368347911,70.4233118839582
"QLD",2015-08-01,2015,8,11145,4791520,15.8265253922199,66.812303900696
"QLD",2015-09-01,2015,9,7086,4791520,17.5745940974839,65.5460358110436
"QLD",2015-10-01,2015,10,1503,4804933,20.669156353533,67.8867685913909
"QLD",2015-11-01,2015,11,360,4804933,23.7732605025066,70.9280521914752
"QLD",2015-12-01,2015,12,243,4804933,23.4738289059994,68.9824150089592
"QLD",2016-01-01,2016,1,418,4826538,24.7036865048065,69.666888189502
"QLD",2016-02-01,2016,2,697,4826538,25.2868057155816,70.6937075409686
"QLD",2016-03-01,2016,3,1049,4826538,23.7951430289698,75.4796253601573
"QLD",2016-04-01,2016,4,949,4845152,22.0265111365337,72.0754333515637
"QLD",2016-05-01,2016,5,598,4845152,19.2366859541732,67.410334158187
"QLD",2016-06-01,2016,6,626,4845152,15.9021420330479,72.6874351904961
"QLD",2016-07-01,2016,7,2229,4865303,15.5379406345855,70.5905615073967
"QLD",2016-08-01,2016,8,6062,4865303,15.9056135167629,70.3503872089828
"QLD",2016-09-01,2016,9,6730,4865303,18.8647295958053,68.9691098169381
"QLD",2016-10-01,2016,10,2077,4882939,20.1637103364316,61.6974598111666
"QLD",2016-11-01,2016,11,959,4882939,23.3891363682308,62.7743817365917
"QLD",2016-12-01,2016,12,947,4882939,24.9078967136475,68.3455689729612
"QLD",2017-01-01,2017,1,861,4906370,25.9279514245872,71.4206444761779
"QLD",2017-02-01,2017,2,982,4906370,25.9789221808254,66.6735368623188
"QLD",2017-03-01,2017,3,1128,4906370,24.5273072942358,75.8070644881636
"QLD",2017-04-01,2017,4,608,4926380,19.9519431743251,69.4877515707172
"QLD",2017-05-01,2017,5,736,4926380,18.1806751671961,75.6455680305285
"QLD",2017-06-01,2017,6,1978,4926380,15.9075789183814,73.3993415346559
"QLD",2017-07-01,2017,7,5106,4945129,15.1581766598616,68.2997699889465
"QLD",2017-08-01,2017,8,19920,4945129,16.4244691095182,58.3135113187409
"QLD",2017-09-01,2017,9,20129,4945129,19.7278153877574,57.392517331463
"QLD",2017-10-01,2017,10,3150,4960965,21.5197127417545,75.3061523091305
"QLD",2017-11-01,2017,11,1069,4960965,21.360377130028,70.3559280324793
"QLD",2017-12-01,2017,12,939,4960965,24.5151025489688,69.6219059631614
"QLD",2018-01-01,2018,1,942,4985955,25.2946784543587,67.382367992656
"QLD",2018-02-01,2018,2,1048,4985955,24.5704316979795,73.7442420668392
"QLD",2018-03-01,2018,3,1346,4985955,23.5263147548216,76.7004103400789
"QLD",2018-04-01,2018,4,690,5006623,21.347049339912,72.7360373282358
"QLD",2018-05-01,2018,5,493,5006623,17.5274025059923,68.199367269761
"QLD",2018-06-01,2018,6,649,5006623,14.953900174568,69.8857103839326
"QLD",2018-07-01,2018,7,864,5027543,14.9572317502068,67.1742069324299
"QLD",2018-08-01,2018,8,2259,5027543,15.3301966455277,56.5228970603483
"QLD",2018-09-01,2018,9,2385,5027543,18.0676013850351,66.7333233306008
"QLD",2018-10-01,2018,10,1456,5046434,20.6919011610168,75.0962201667729
"QLD",2018-11-01,2018,11,1578,5046434,23.4864353930355,60.0718856794158
"QLD",2018-12-01,2018,12,1907,5046434,24.3409711936414,69.6144588955248
"QLD",2019-01-01,2019,1,1807,5070306,25.4219238961071,67.9990580434822
"QLD",2019-02-01,2019,2,1974,5070306,25.0661940006203,67.3961473224495
"QLD",2019-03-01,2019,3,2993,5070306,24.4784299241663,75.4401939730146
"QLD",2019-04-01,2019,4,2743,5088847,20.9843929596428,74.1566935582819
"QLD",2019-05-01,2019,5,3707,5088847,17.8261161325157,69.3296841159638
"QLD",2019-06-01,2019,6,8285,5088847,15.589653540926,73.4771875497593
"QLD",2019-07-01,2019,7,11743,5110540,15.1358296797926,67.5261818488891
"QLD",2019-08-01,2019,8,21901,5110540,15.939480737114,61.3826890017061
"QLD",2019-09-01,2019,9,9867,5110540,18.8358169813333,57.4453588675718
"QLD",2019-10-01,2019,10,1791,5129741,20.7492757065972,65.5187370860002
"QLD",2019-11-01,2019,11,787,5129741,23.861169737457,59.7637108597832
"QLD",2019-12-01,2019,12,584,5129741,25.532019877506,61.6272240651964
"QLD",2020-01-01,2020,1,1686,5154305,25.9218479230128,72.0851226411431
"QLD",2020-02-01,2020,2,1946,5154305,25.2362639217975,78.0061457029649
"QLD",2020-03-01,2020,3,2091,5154305,23.0431362232111,73.0724650983488
"QLD",2020-04-01,2020,4,80,5165613,21.5100002278034,69.9180026598196
"QLD",2020-05-01,2020,5,80,5165613,17.0909944620592,69.1319936019438
"QLD",2020-06-01,2020,6,46,5165613,15.7812985312698,74.8789717755668
"QLD",2020-07-01,2020,7,59,5173071,14.8105513388922,70.0022164205772
"QLD",2020-08-01,2020,8,48,5173071,15.9805988448843,62.6907411156311
"QLD",2020-09-01,2020,9,31,5173071,18.9394436169714,67.4965002214231
"QLD",2020-10-01,2020,10,14,5184329,21.1262871182299,67.9487714518413
"QLD",2020-11-01,2020,11,19,5184329,23.4079108264216,63.1282102842778
"QLD",2020-12-01,2020,12,13,5184329,24.9257825901173,71.0958810982829
"QLD",2021-01-01,2021,1,25,5199548,24.091658648235,73.4829279725639
"QLD",2021-02-01,2021,2,22,5199548,24.396949859641,73.361100971623
"QLD",2021-03-01,2021,3,25,5199548,23.1647074947064,76.5059982585982
"QLD",2021-04-01,2021,4,35,5215814,19.9144234628366,72.1755388325186
"QLD",2021-05-01,2021,5,29,5215814,17.215805671335,73.0040970130773
"QLD",2021-06-01,2021,6,29,5215814,15.0670031515387,74.2014223946141
"QLD",2021-07-01,2021,7,35,5235256,14.8863777817868,70.9935251653422
"QLD",2021-08-01,2021,8,13,5235256,16.3885455390792,69.2481953092793
"QLD",2021-09-01,2021,9,34,5235256,17.9594572792235,64.9631208193317
"QLD",2021-10-01,2021,10,17,5261012,21.8413320116741,68.7576995531049
"QLD",2021-11-01,2021,11,18,5261012,22.3871764531696,73.1041365738426
"QLD",2021-12-01,2021,12,18,5261012,23.8801108704907,72.5006145274964
"QLD",2022-01-01,2022,1,3,5294256,24.5033290211159,75.3091492583575
"QLD",2022-02-01,2022,2,1,5294256,23.6143367784128,75.7961268777836
"QLD",2022-03-01,2022,3,15,5294256,23.4631575745102,76.2236423639954
"QLD",2022-04-01,2022,4,839,5320941,21.1603640263882,77.0338434338643
"QLD",2022-05-01,2022,5,11939,5320941,19.1511668636027,82.6480286582746
"QLD",2022-06-01,2022,6,19477,5320941,14.0942627385996,72.045596510872
"QLD",2022-07-01,2022,7,8396,5351935,13.5341233913904,75.2675698814361
"QLD",2022-08-01,2022,8,1332,5351935,15.1848461020602,72.1499123846586
"QLD",2022-09-01,2022,9,615,5351935,18.0494882875991,71.7788080637508
"QLD",2022-10-01,2022,10,229,5386914,20.5363356234288,73.8620604953338
"QLD",2022-11-01,2022,11,451,5386914,21.5790554843219,63.5550940094671
"QLD",2022-12-01,2022,12,1141,5386914,22.5962719154763,69.8088282909361
"VIC",2008-01-01,2008,1,14,5233000,20.1525104754125,60.6454021397633
"VIC",2008-02-01,2008,2,6,5233000,17.4290507396286,65.2028969963319
"VIC",2008-03-01,2008,3,10,5233000,18.3277558503367,57.6982455399242
"VIC",2008-04-01,2008,4,26,5256375,12.9480485927073,69.2030083798682
"VIC",2008-05-01,2008,5,23,5256375,10.138384721701,81.7157737837716
"VIC",2008-06-01,2008,6,29,5256375,9.87974904125821,82.754046260817
"VIC",2008-07-01,2008,7,82,5286549,7.46173662433569,80.6967543116653
"VIC",2008-08-01,2008,8,446,5286549,7.49090682337266,79.7301528531378
"VIC",2008-09-01,2008,9,443,5286549,10.8391850743473,64.3935208187621
"VIC",2008-10-01,2008,10,175,5313285,13.6577231285406,59.775260056838
"VIC",2008-11-01,2008,11,31,5313285,14.9227236535134,65.5503386005814
"VIC",2008-12-01,2008,12,18,5313285,15.8642440954198,63.7695860098952
"VIC",2009-01-01,2009,1,10,5347672,20.0705599874668,52.0958113750396
"VIC",2009-02-01,2009,2,10,5347672,19.5917049720281,58.5235173245551
"VIC",2009-03-01,2009,3,12,5347672,16.8885698780707,65.6294383200228
"VIC",2009-04-01,2009,4,16,5371934,13.1227280327948,70.0883553539942
"VIC",2009-05-01,2009,5,1455,5371934,10.7657434999998,80.5278243619387
"VIC",2009-06-01,2009,6,3292,5371934,8.53350920337456,85.6152127156678
"VIC",2009-07-01,2009,7,1738,5398874,8.14008023020911,79.9207486268736
"VIC",2009-08-01,2009,8,368,5398874,9.67591503911012,74.1935827571243
"VIC",2009-09-01,2009,9,64,5398874,11.0285518307252,69.0069880524096
"VIC",2009-10-01,2009,10,34,5419249,12.2427916950478,69.8978696723852
"VIC",2009-11-01,2009,11,24,5419249,18.8087220530502,61.7354879568388
"VIC",2009-12-01,2009,12,13,5419249,17.8939445865597,60.4749960563397
"VIC",2010-01-01,2010,1,20,5445172,19.4508947000342,58.86345180161
"VIC",2010-02-01,2010,2,26,5445172,20.5561288115308,64.2084010059499
"VIC",2010-03-01,2010,3,17,5445172,17.8643326703818,68.5799604259049
"VIC",2010-04-01,2010,4,40,5461101,14.9785583478574,74.9052220852593
"VIC",2010-05-01,2010,5,41,5461101,10.7685558787642,81.6465651460476
"VIC",2010-06-01,2010,6,57,5461101,7.97291162330299,84.4900302244284
"VIC",2010-07-01,2010,7,179,5478710,7.64014246690396,85.8354359004783
"VIC",2010-08-01,2010,8,552,5478710,7.79572080973489,80.4017421133287
"VIC",2010-09-01,2010,9,750,5478710,9.48268292261686,76.2504771352042
"VIC",2010-10-01,2010,10,237,5495711,12.7391234340314,72.4846590142568
"VIC",2010-11-01,2010,11,58,5495711,15.6678538879488,69.866031685189
"VIC",2010-12-01,2010,12,115,5495711,16.6863476936113,67.977740722917
"VIC",2011-01-01,2011,1,114,5520378,19.6874031277156,68.1978465051067
"VIC",2011-02-01,2011,2,119,5520378,18.1422656261895,73.809476951753
"VIC",2011-03-01,2011,3,87,5520378,15.8393359020235,73.7474127556188
"VIC",2011-04-01,2011,4,92,5537817,13.056091849858,77.8034291554593
"VIC",2011-05-01,2011,5,103,5537817,9.35629352695153,82.0612295615636
"VIC",2011-06-01,2011,6,119,5537817,8.52253240820142,82.9913522956433
"VIC",2011-07-01,2011,7,332,5564662,7.97731467747727,81.5669256246777
"VIC",2011-08-01,2011,8,673,5564662,9.67582066446503,78.0145052813689
"VIC",2011-09-01,2011,9,995,5564662,11.0136507666277,69.7689781164254
"VIC",2011-10-01,2011,10,343,5591818,13.127248935185,71.4642422655678
"VIC",2011-11-01,2011,11,137,5591818,16.5767150320507,68.0537232124663
"VIC",2011-12-01,2011,12,93,5591818,17.445137380993,64.6180473005644
"VIC",2012-01-01,2012,1,52,5625354,19.7946663279593,60.4966396168172
"VIC",2012-02-01,2012,2,38,5625354,19.2162103874111,66.9641027447901
"VIC",2012-03-01,2012,3,104,5625354,15.95036073275,71.7752888362773
"VIC",2012-04-01,2012,4,83,5651091,13.7945273588663,74.3151294798652
"VIC",2012-05-01,2012,5,102,5651091,9.97421065919035,78.9515786152188
"VIC",2012-06-01,2012,6,654,5651091,8.08668527736589,83.3995724577366
"VIC",2012-07-01,2012,7,1629,5680420,7.8980074940574,84.8829656899887
"VIC",2012-08-01,2012,8,1959,5680420,8.29483741420177,75.9434274730845
"VIC",2012-09-01,2012,9,816,5680420,10.6273230911321,71.825188040296
"VIC",2012-10-01,2012,10,248,5709586,12.5297237657468,67.0099001699095
"VIC",2012-11-01,2012,11,207,5709586,16.272431755798,63.6078899498892
"VIC",2012-12-01,2012,12,95,5709586,17.5739350625714,60.4690667733443
"VIC",2013-01-01,2013,1,122,5744915,19.5435242811801,56.2359220760008
"VIC",2013-02-01,2013,2,118,5744915,20.731577830711,60.3674066751748
"VIC",2013-03-01,2013,3,92,5744915,18.8873438912445,60.3592779444557
"VIC",2013-04-01,2013,4,67,5772669,13.9551985577309,71.0981519226066
"VIC",2013-05-01,2013,5,176,5772669,10.6506969247516,77.7149513487308
"VIC",2013-06-01,2013,6,253,5772669,8.1508944523074,85.469941836192
"VIC",2013-07-01,2013,7,645,5804499,8.73312034886539,83.0995921886268
"VIC",2013-08-01,2013,8,1912,5804499,9.53319479512518,78.0201139818458
"VIC",2013-09-01,2013,9,1249,5804499,12.3901256213776,72.1784439808548
"VIC",2013-10-01,2013,10,503,5832585,12.274539964904,67.3205183342312
"VIC",2013-11-01,2013,11,429,5832585,14.3255262089887,67.7952165821127
"VIC",2013-12-01,2013,12,270,5832585,17.4622402665529,62.0609765424036
"VIC",2014-01-01,2014,1,273,5869511,20.6567514805447,55.9199737550801
"VIC",2014-02-01,2014,2,146,5869511,20.1095778138261,58.1158872437264
"VIC",2014-03-01,2014,3,161,5869511,17.7546619695184,67.5005064157253
"VIC",2014-04-01,2014,4,125,5894917,14.1626002315593,74.5371466854312
"VIC",2014-05-01,2014,5,315,5894917,12.1024373802936,79.4460966006693
"VIC",2014-06-01,2014,6,419,5894917,9.47744036691752,86.2101248009379
"VIC",2014-07-01,2014,7,998,5927199,8.20404385738352,83.8311802379356
"VIC",2014-08-01,2014,8,3615,5927199,8.55338793624771,78.5335274343754
"VIC",2014-09-01,2014,9,2579,5927199,10.9748583013716,72.1758167939025
"VIC",2014-10-01,2014,10,844,5957512,14.0095278378187,66.2079404703954
"VIC",2014-11-01,2014,11,225,5957512,16.1008092448108,60.0364034720821
"VIC",2014-12-01,2014,12,173,5957512,17.7199978106795,63.9157285782162
"VIC",2015-01-01,2015,1,194,5995205,19.2485466730615,62.9968011668075
"VIC",2015-02-01,2015,2,184,5995205,20.3865675219675,64.793835195819
"VIC",2015-03-01,2015,3,260,5995205,15.82257882416,65.0618047811356
"VIC",2015-04-01,2015,4,370,6022322,12.7086285002008,74.2890445548988
"VIC",2015-05-01,2015,5,504,6022322,10.4326236084441,78.7766963661756
"VIC",2015-06-01,2015,6,913,6022322,8.02974456364636,84.0855968073491
"VIC",2015-07-01,2015,7,3090,6057558,7.17010698324024,80.9147128821505
"VIC",2015-08-01,2015,8,6044,6057558,8.08875496885426,79.6815936822036
"VIC",2015-09-01,2015,9,4589,6057558,10.3991158770645,72.9991629425844
"VIC",2015-10-01,2015,10,929,6093049,16.479425864445,60.1992505444966
"VIC",2015-11-01,2015,11,136,6093049,16.1555887223004,63.7721076753392
"VIC",2015-12-01,2015,12,78,6093049,20.0711128432983,52.1947373041903
"VIC",2016-01-01,2016,1,154,6138627,19.6898236092823,63.8101200285409
"VIC",2016-02-01,2016,2,198,6138627,19.4450918255461,62.8613120525982
"VIC",2016-03-01,2016,3,294,6138627,18.8221272786872,66.0599896851359
"VIC",2016-04-01,2016,4,441,6173172,15.2481810758626,66.5833687875383
"VIC",2016-05-01,2016,5,248,6173172,11.7336333012991,77.0222308141378
"VIC",2016-06-01,2016,6,329,6173172,8.49575757366772,86.1048713669329
"VIC",2016-07-01,2016,7,1149,6205852,8.84452414968486,84.2593094003756
"VIC",2016-08-01,2016,8,3124,6205852,8.97529289050321,77.6548751924186
"VIC",2016-09-01,2016,9,4464,6205852,10.6630053341461,78.6044691675311
"VIC",2016-10-01,2016,10,1325,6235781,11.6497426118344,67.3159662681264
"VIC",2016-11-01,2016,11,655,6235781,14.4759532471107,68.3448127294834
"VIC",2016-12-01,2016,12,575,6235781,18.3685987794168,60.5105995084461
"VIC",2017-01-01,2017,1,372,6278555,19.882008310484,60.1901571468312
"VIC",2017-02-01,2017,2,322,6278555,18.6221382384363,62.34679019054
"VIC",2017-03-01,2017,3,368,6278555,19.5036787497515,64.6160196559058
"VIC",2017-04-01,2017,4,298,6302608,14.0803527915194,73.4546519103923
"VIC",2017-05-01,2017,5,489,6302608,10.4183212605839,80.5062808518182
"VIC",2017-06-01,2017,6,1519,6302608,7.62818940076679,85.273416723488
"VIC",2017-07-01,2017,7,5579,6333514,7.41420527759976,80.7496657814554
"VIC",2017-08-01,2017,8,14232,6333514,8.07784975990097,77.7406194980675
"VIC",2017-09-01,2017,9,20715,6333514,10.2936290997312,69.7286548968944
"VIC",2017-10-01,2017,10,3531,6358210,13.8248068595115,68.9776108405917
"VIC",2017-11-01,2017,11,538,6358210,18.2939468770539,61.9714328921469
"VIC",2017-12-01,2017,12,246,6358210,18.3434490248985,63.6852162386425
"VIC",2018-01-01,2018,1,574,6398586,21.0074672630696,59.7432148321748
"VIC",2018-02-01,2018,2,536,6398586,20.0287237228906,58.7354482795017
"VIC",2018-03-01,2018,3,513,6398586,17.643739859924,59.8318576423552
"VIC",2018-04-01,2018,4,360,6423038,15.1676130934049,67.4920575669786
"VIC",2018-05-01,2018,5,308,6423038,11.1583331701482,76.8323720261566
"VIC",2018-06-01,2018,6,288,6423038,7.85185997569686,83.9770310758352
"VIC",2018-07-01,2018,7,439,6454976,8.05913937388292,76.4987774415588
"VIC",2018-08-01,2018,8,1183,6454976,8.19817372451052,73.4855639289943
"VIC",2018-09-01,2018,9,2322,6454976,10.0119241459544,67.7682202653691
"VIC",2018-10-01,2018,10,2062,6479695,14.0994658057748,64.5744268143388
"VIC",2018-11-01,2018,11,1835,6479695,15.437630687303,65.428656545444
"VIC",2018-12-01,2018,12,1304,6479695,19.7847339556283,63.1870072347038
"VIC",2019-01-01,2019,1,1263,6518716,22.0715425047589,56.2149528630576
"VIC",2019-02-01,2019,2,1157,6518716,19.6105580449251,58.6573463249565
"VIC",2019-03-01,2019,3,2413,6518716,18.2527535821816,60.597272990497
"VIC",2019-04-01,2019,4,3806,6537305,14.974116534002,64.2109087634507
"VIC",2019-05-01,2019,5,8654,6537305,11.0659246803503,79.9215083109561
"VIC",2019-06-01,2019,6,11602,6537305,8.47874718831706,83.6970370160053
"VIC",2019-07-01,2019,7,13338,6567898,8.62862930300658,82.5555204997228
"VIC",2019-08-01,2019,8,13572,6567898,8.04522839841834,77.3556265312713
"VIC",2019-09-01,2019,9,8286,6567898,10.3454768286004,72.445179992423
"VIC",2019-10-01,2019,10,2940,6590050,13.8626734574958,64.3594409576025
"VIC",2019-11-01,2019,11,1233,6590050,14.3658005908705,63.3382577880692
"VIC",2019-12-01,2019,12,1247,6590050,18.3777797661727,58.2002808508669
"VIC",2020-01-01,2020,1,1820,6616636,19.6976967361913,62.5660984465864
"VIC",2020-02-01,2020,2,1425,6616636,18.4596256756257,71.0412274731224
"VIC",2020-03-01,2020,3,1164,6616636,16.3712265032826,66.4555590106817
"VIC",2020-04-01,2020,4,79,6615046,13.0019395465773,76.3265405034537
"VIC",2020-05-01,2020,5,65,6615046,9.7886814750461,81.0899006072022
"VIC",2020-06-01,2020,6,67,6615046,8.1678271855402,85.6452248642925
"VIC",2020-07-01,2020,7,80,6591437,7.97794954062408,86.42393414016
"VIC",2020-08-01,2020,8,33,6591437,8.58033117495932,80.1618575708273
"VIC",2020-09-01,2020,9,5,6591437,11.4243849264402,72.2275927301213
"VIC",2020-10-01,2020,10,8,6567195,13.3104258361021,73.4457713020374
"VIC",2020-11-01,2020,11,10,6567195,17.5981623113435,62.3877428307933
"VIC",2020-12-01,2020,12,17,6567195,16.2492330012885,62.4930899054235
"VIC",2021-01-01,2021,1,16,6555302,18.967083060124,64.3055635426578
"VIC",2021-02-01,2021,2,15,6555302,18.2460157237374,64.1614962965453
"VIC",2021-03-01,2021,3,11,6555302,15.9716228956745,72.1356603784908
"VIC",2021-04-01,2021,4,16,6547822,13.3656242492477,71.8829323931538
"VIC",2021-05-01,2021,5,2,6547822,10.4452523863952,77.6563481702977
"VIC",2021-06-01,2021,6,6,6547822,9.04204942004966,85.7252971132565
"VIC",2021-07-01,2021,7,6,6552980,7.9517140564712,83.0768379713026
"VIC",2021-08-01,2021,8,4,6552980,9.38696166727547,77.9218696823308
"VIC",2021-09-01,2021,9,4,6552980,11.0993096440436,72.0793306369866
"VIC",2021-10-01,2021,10,3,6566092,12.190577397194,71.2237061713242
"VIC",2021-11-01,2021,11,3,6566092,14.4050814083958,69.8672858481503
"VIC",2021-12-01,2021,12,27,6566092,17.3547590384043,62.956867358821
"VIC",2022-01-01,2022,1,13,6604868,21.7845667607668,65.4618512084823
"VIC",2022-02-01,2022,2,4,6604868,19.0316118731163,63.8926354022919
"VIC",2022-03-01,2022,3,64,6604868,17.8021553622985,71.9173762669328
"VIC",2022-04-01,2022,4,1881,6630631,14.676993851397,76.9040936223406
"VIC",2022-05-01,2022,5,16861,6630631,10.4926038355353,83.3374083571142
"VIC",2022-06-01,2022,6,13934,6630631,8.3246745887585,85.5875181906866
"VIC",2022-07-01,2022,7,1900,6672635,7.5382653276152,82.5892793241698
"VIC",2022-08-01,2022,8,300,6672635,9.27513438821886,81.38242149314
"VIC",2022-09-01,2022,9,259,6672635,10.3491178559873,78.226770537107
"VIC",2022-10-01,2022,10,240,6719487,12.8967909978339,77.3200676793859
"VIC",2022-11-01,2022,11,271,6719487,13.690833501444,73.1495531695764
"VIC",2022-12-01,2022,12,863,6719487,16.8516325055775,64.7824088914282
"SA",2008-01-01,2008,1,0,1584408,21.9510981352316,53.3344658052914
"SA",2008-02-01,2008,2,0,1584408,19.6925508640646,54.385723712191
"SA",2008-03-01,2008,3,0,1584408,22.0461283401074,43.2270155957708
"SA",2008-04-01,2008,4,1,1588665,15.7830114070938,57.8381369854412
"SA",2008-05-01,2008,5,9,1588665,13.133748770496,73.2411570698998
"SA",2008-06-01,2008,6,5,1588665,11.5730498098739,75.5812295101756
"SA",2008-07-01,2008,7,11,1593725,9.7018999092587,74.5237411475308
"SA",2008-08-01,2008,8,50,1593725,9.18300258139432,76.3277886986927
"SA",2008-09-01,2008,9,173,1593725,13.2291659169278,60.209956893746
"SA",2008-10-01,2008,10,154,1597880,16.283756226191,54.0660575786986
"SA",2008-11-01,2008,11,60,1597880,17.779403197772,55.858631198291
"SA",2008-12-01,2008,12,10,1597880,18.837825887549,60.2757928533442
"SA",2009-01-01,2009,1,3,1604142,22.9196666778501,45.5647796655126
"SA",2009-02-01,2009,2,4,1604142,22.1080331221278,49.8855424111699
"SA",2009-03-01,2009,3,10,1604142,19.1530914244517,58.0720414741885
"SA",2009-04-01,2009,4,20,1608902,15.8782132364525,64.2639930182029
"SA",2009-05-01,2009,5,256,1608902,12.6892350368835,78.8339875939302
"SA",2009-06-01,2009,6,999,1608902,11.0017227883257,79.8763811156677
"SA",2009-07-01,2009,7,4845,1614593,10.7303882298434,76.9683372341947
"SA",2009-08-01,2009,8,3702,1614593,12.087092419066,71.0959616899456
"SA",2009-09-01,2009,9,715,1614593,13.062067054716,66.6992341963246
"SA",2009-10-01,2009,10,135,1618578,14.5690040090964,63.378368467418
"SA",2009-11-01,2009,11,57,1618578,21.8705041433847,50.3025152622859
"SA",2009-12-01,2009,12,19,1618578,20.7646536207375,51.614758292242
"SA",2010-01-01,2010,1,19,1624033,22.454754965186,47.8878877823641
"SA",2010-02-01,2010,2,13,1624033,22.8763884548692,53.0157546053657
"SA",2010-03-01,2010,3,7,1624033,20.1014989985497,56.8139651800665
"SA",2010-04-01,2010,4,17,1627322,17.4008143713179,65.9354416456454
"SA",2010-05-01,2010,5,10,1627322,13.1669176502425,70.3501556359067
"SA",2010-06-01,2010,6,24,1627322,10.0418204705805,79.5695173765923
"SA",2010-07-01,2010,7,124,1630230,9.37984232368591,80.8602507296321
"SA",2010-08-01,2010,8,493,1630230,9.92940540674547,75.0543719229214
"SA",2010-09-01,2010,9,2199,1630230,11.1579393451872,76.6226418585173
"SA",2010-10-01,2010,10,1126,1632482,14.3675628649384,64.3650742931651
"SA",2010-11-01,2010,11,188,1632482,17.2758128630025,62.4287574143964
"SA",2010-12-01,2010,12,47,1632482,19.5301759204007,58.0957554760738
"SA",2011-01-01,2011,1,80,1636759,22.584520878531,55.4604535135848
"SA",2011-02-01,2011,2,51,1636759,21.1766104052405,62.6927680277931
"SA",2011-03-01,2011,3,51,1636759,17.8340957274128,69.9623969936324
"SA",2011-04-01,2011,4,88,1639614,15.7594684917989,66.9202077276779
"SA",2011-05-01,2011,5,175,1639614,12.0930773749002,72.7970250637638
"SA",2011-06-01,2011,6,554,1639614,10.7884368877641,76.5230085029621
"SA",2011-07-01,2011,7,1086,1643402,9.97639659740237,76.7024578240556
"SA",2011-08-01,2011,8,1076,1643402,11.555879378732,75.0552927436432
"SA",2011-09-01,2011,9,1099,1643402,13.3378109335711,61.9600209887326
"SA",2011-10-01,2011,10,329,1647183,15.3756442415037,65.7164984576354
"SA",2011-11-01,2011,11,104,1647183,19.0399288029651,57.97319174578
"SA",2011-12-01,2011,12,44,1647183,20.2328598946515,54.1374601432841
"SA",2012-01-01,2012,1,24,1652716,22.4793748869374,51.8139295511435
"SA",2012-02-01,2012,2,36,1652716,20.8897877217757,57.5382453054857
"SA",2012-03-01,2012,3,87,1652716,18.7773995090008,60.9847515496866
"SA",2012-04-01,2012,4,68,1656725,16.9200410602571,59.1334227683433
"SA",2012-05-01,2012,5,108,1656725,12.3062318958464,72.4284567816387
"SA",2012-06-01,2012,6,1327,1656725,10.0436869295019,77.7110343382456
"SA",2012-07-01,2012,7,1907,1660198,9.48778301944415,79.8683719406053
"SA",2012-08-01,2012,8,1457,1660198,10.3953181793919,73.4459224266496
"SA",2012-09-01,2012,9,404,1660198,12.8610512617828,63.7731009957527
"SA",2012-10-01,2012,10,228,1663082,15.6733417051475,55.0330388381913
"SA",2012-11-01,2012,11,397,1663082,19.4085464842873,51.6406302728252
"SA",2012-12-01,2012,12,235,1663082,20.455867304096,51.6811334139627
"SA",2013-01-01,2013,1,127,1668056,21.6782187795572,50.4715955706276
"SA",2013-02-01,2013,2,80,1668056,22.2065428582873,55.4453237141722
"SA",2013-03-01,2013,3,127,1668056,21.1390438525266,54.8126635507879
"SA",2013-04-01,2013,4,90,1671488,16.7237616260161,62.8079188808133
"SA",2013-05-01,2013,5,159,1671488,14.533715872478,67.7964667684098
"SA",2013-06-01,2013,6,171,1671488,10.6473309586531,83.8360330672714
"SA",2013-07-01,2013,7,358,1675313,10.5464435845397,78.8450981738349
"SA",2013-08-01,2013,8,1101,1675313,11.8899576431834,75.186280295285
"SA",2013-09-01,2013,9,901,1675313,15.162792366128,67.2763581493701
"SA",2013-10-01,2013,10,590,1678052,15.3061885341848,56.673284309947
"SA",2013-11-01,2013,11,749,1678052,17.1430382462246,53.6051704828448
"SA",2013-12-01,2013,12,364,1678052,20.4512773962149,51.9358257940761
"SA",2014-01-01,2014,1,217,1683544,23.169036313272,49.5153037639022
"SA",2014-02-01,2014,2,129,1683544,21.8199528847999,54.7991861982282
"SA",2014-03-01,2014,3,157,1683544,19.5379285878389,60.5687863512424
"SA",2014-04-01,2014,4,125,1686945,16.313819607369,68.9206932759662
"SA",2014-05-01,2014,5,138,1686945,14.6523688900475,72.3817921447907
"SA",2014-06-01,2014,6,244,1686945,11.3348031824234,82.0750491544477
"SA",2014-07-01,2014,7,686,1690133,10.0314887241929,77.9393517738544
"SA",2014-08-01,2014,8,4092,1690133,9.83000698218991,71.3409276622516
"SA",2014-09-01,2014,9,3758,1690133,13.3880754923442,64.1794047834616
"SA",2014-10-01,2014,10,1083,1693107,17.1459074161025,55.5293480124814
"SA",2014-11-01,2014,11,317,1693107,19.2485361458828,50.713369953641
"SA",2014-12-01,2014,12,102,1693107,19.4715103278204,58.5511717634454
"SA",2015-01-01,2015,1,138,1698433,21.0071923185782,59.2183108449968
"SA",2015-02-01,2015,2,223,1698433,22.8459174243126,49.43564513171
"SA",2015-03-01,2015,3,379,1698433,18.25340503157,58.6644326030086
"SA",2015-04-01,2015,4,470,1700668,14.1260025397532,70.0449744268338
"SA",2015-05-01,2015,5,559,1700668,12.5970438159284,76.473826698
"SA",2015-06-01,2015,6,904,1700668,10.3492336555018,77.331306535712
"SA",2015-07-01,2015,7,2819,1703703,9.26229386900567,76.5698268635904
"SA",2015-08-01,2015,8,4984,1703703,10.1359802325403,77.1187696186335
"SA",2015-09-01,2015,9,3842,1703703,12.0651319468023,67.4651512927836
"SA",2015-10-01,2015,10,1153,1705937,18.8603828525736,50.5767040893923
"SA",2015-11-01,2015,11,126,1705937,18.8532552721137,56.7511956279687
"SA",2015-12-01,2015,12,60,1705937,23.3890019253682,41.1563522037998
"SA",2016-01-01,2016,1,117,1710334,22.316730463831,53.8427344422721
"SA",2016-02-01,2016,2,133,1710334,20.9683428899404,59.4177266643414
"SA",2016-03-01,2016,3,177,1710334,20.4462538038635,62.1358396169757
"SA",2016-04-01,2016,4,305,1712843,17.0192624102612,61.6521736722006
"SA",2016-05-01,2016,5,112,1712843,14.3579499237574,73.0524042197956
"SA",2016-06-01,2016,6,96,1712843,10.767782910051,80.6199523351913
"SA",2016-07-01,2016,7,411,1717275,10.2462175165345,80.0587243588512
"SA",2016-08-01,2016,8,1165,1717275,10.8850501559802,71.6451300316694
"SA",2016-09-01,2016,9,2419,1717275,11.4225593862314,75.1666880664577
"SA",2016-10-01,2016,10,1352,1719580,14.0906132691847,61.405289267555
"SA",2016-11-01,2016,11,1065,1719580,16.5017131477765,60.2067498818199
"SA",2016-12-01,2016,12,541,1719580,20.4226626734497,55.4403270570945
"SA",2017-01-01,2017,1,284,1725253,22.3299110789401,57.1458426140055
"SA",2017-02-01,2017,2,334,1725253,20.8745938312036,59.9697674759905
"SA",2017-03-01,2017,3,320,1725253,21.1812186436259,59.1913512602421
"SA",2017-04-01,2017,4,234,1728673,16.513031960928,64.9736815001154
"SA",2017-05-01,2017,5,470,1728673,12.5311503729787,70.725491477757
"SA",2017-06-01,2017,6,1400,1728673,9.54610454239072,77.7709957054269
"SA",2017-07-01,2017,7,2871,1733055,10.6689012483764,74.0502764683605
"SA",2017-08-01,2017,8,6031,1733055,10.4638343808081,72.3134153874104
"SA",2017-09-01,2017,9,12458,1733055,12.9966433618515,66.0718726407869
"SA",2017-10-01,2017,10,2960,1735654,16.1980543721387,60.9231381167126
"SA",2017-11-01,2017,11,756,1735654,20.3851817393675,53.6701416750118
"SA",2017-12-01,2017,12,360,1735654,20.0557873686215,56.9189875036239
"SA",2018-01-01,2018,1,333,1742255,23.1207309856858,50.9911563470861
"SA",2018-02-01,2018,2,349,1742255,22.5781634219649,52.9368647926105
"SA",2018-03-01,2018,3,382,1742255,19.6814717102457,56.9976279020608
"SA",2018-04-01,2018,4,181,1746137,18.7065913844275,58.9573637874051
"SA",2018-05-01,2018,5,104,1746137,13.1450269063695,71.0722725632344
"SA",2018-06-01,2018,6,120,1746137,9.86429427496945,74.2050485173865
"SA",2018-07-01,2018,7,164,1751849,10.9373913776855,68.5989661697142
"SA",2018-08-01,2018,8,384,1751849,11.3732166574195,65.1532488448395
"SA",2018-09-01,2018,9,1089,1751849,11.7201067502539,61.9063888485217
"SA",2018-10-01,2018,10,1063,1755715,16.4912363343276,56.5392972435888
"SA",2018-11-01,2018,11,1161,1755715,17.076580213248,58.0731301656645
"SA",2018-12-01,2018,12,557,1755715,21.732131455458,54.4190664863021
"SA",2019-01-01,2019,1,420,1762889,24.0205799870996,47.8098516168924
"SA",2019-02-01,2019,2,764,1762889,21.6728727486435,51.4904919648014
"SA",2019-03-01,2019,3,2775,1762889,19.7170731160754,57.9999978848277
"SA",2019-04-01,2019,4,6265,1767395,17.385695278435,53.3301541075409
"SA",2019-05-01,2019,5,8016,1767395,12.9109498035606,72.3945862401342
"SA",2019-06-01,2019,6,2262,1767395,10.3280351758744,72.3158701466844
"SA",2019-07-01,2019,7,1605,1774006,10.8840985951179,79.3126633630366
"SA",2019-08-01,2019,8,1647,1774006,9.94965920618562,71.3595621054884
"SA",2019-09-01,2019,9,1454,1774006,12.5280930675718,64.2429573546282
"SA",2019-10-01,2019,10,778,1778928,16.8920637161651,54.0032876664348
"SA",2019-11-01,2019,11,690,1778928,16.7130500987185,55.8811023514338
"SA",2019-12-01,2019,12,407,1778928,22.3760159643158,46.9623514538372
"SA",2020-01-01,2020,1,485,1787847,21.579859198405,54.1154873317915
"SA",2020-02-01,2020,2,496,1787847,19.8654965078408,62.1903017690444
"SA",2020-03-01,2020,3,451,1787847,18.7698402620794,55.6106715963347
"SA",2020-04-01,2020,4,30,1790355,15.7094041772093,68.5633511916339
"SA",2020-05-01,2020,5,43,1790355,11.9188179623228,70.8617511750389
"SA",2020-06-01,2020,6,17,1790355,9.87282899948504,76.6857947735256
"SA",2020-07-01,2020,7,18,1792178,9.36519349442022,78.8464772087848
"SA",2020-08-01,2020,8,3,1792178,10.1910445228745,75.5246452456476
"SA",2020-09-01,2020,9,0,1792178,14.0425811038578,65.7477822647629
"SA",2020-10-01,2020,10,3,1794514,15.1678334924987,66.66628144576
"SA",2020-11-01,2020,11,3,1794514,20.5141083441374,50.4732813376516
"SA",2020-12-01,2020,12,3,1794514,19.0695228965252,53.4360529545674
"SA",2021-01-01,2021,1,3,1798586,21.2141758650976,52.7968109876074
"SA",2021-02-01,2021,2,1,1798586,20.1901306327878,56.2820327148783
"SA",2021-03-01,2021,3,5,1798586,18.7474078152733,60.9835300648308
"SA",2021-04-01,2021,4,2,1802601,16.113901821115,61.4127947312313
"SA",2021-05-01,2021,5,4,1802601,13.0778905264447,63.7448031278228
"SA",2021-06-01,2021,6,0,1802601,11.236238090473,78.8603348736127
"SA",2021-07-01,2021,7,1,1802068,10.2072063031638,77.0712396525899
"SA",2021-08-01,2021,8,4,1802068,11.0019448919763,73.2547942299189
"SA",2021-09-01,2021,9,4,1802068,13.1399124034297,62.9798095145154
"SA",2021-10-01,2021,10,4,1805733,14.2998751992304,61.0224261152441
"SA",2021-11-01,2021,11,8,1805733,16.7338292906867,60.9008062795221
"SA",2021-12-01,2021,12,4,1805733,19.6080378976987,54.5120353103191
"SA",2022-01-01,2022,1,2,1815442,22.8021753755735,60.1815434839204
"SA",2022-02-01,2022,2,1,1815442,20.4131991252759,57.246965008635
"SA",2022-03-01,2022,3,4,1815442,19.7645460995181,61.7113394038086
"SA",2022-04-01,2022,4,268,1821215,17.2698729331339,65.0563032199756
"SA",2022-05-01,2022,5,1726,1821215,12.7299472191503,75.6838084311551
"SA",2022-06-01,2022,6,4428,1821215,10.6983214881817,80.9932000691559
"SA",2022-07-01,2022,7,3999,1829316,9.45976656119431,77.2575273758978
"SA",2022-08-01,2022,8,649,1829316,10.9572697064787,76.4847740870277
"SA",2022-09-01,2022,9,375,1829316,11.5194913423711,76.9345567934961
"SA",2022-10-01,2022,10,172,1836096,14.7978407310559,71.7323076109646
"SA",2022-11-01,2022,11,144,1836096,16.0921411064056,64.5915085924662
"SA",2022-12-01,2022,12,323,1836096,19.6882837013891,53.6981553569054
"TAS",2008-01-01,2008,1,2,497552,15.9401560921916,62.2119097067197
"TAS",2008-02-01,2008,2,2,497552,13.5155628705737,69.161776728769
"TAS",2008-03-01,2008,3,2,497552,14.166659156604,67.7754150087574
"TAS",2008-04-01,2008,4,2,498568,10.4330940608418,77.7773287087957
"TAS",2008-05-01,2008,5,6,498568,8.62929641889744,83.0087014827323
"TAS",2008-06-01,2008,6,10,498568,7.61170251227189,83.980155310941
"TAS",2008-07-01,2008,7,5,500062,5.12096552865605,84.6579341537237
"TAS",2008-08-01,2008,8,55,500062,5.83732827380335,80.6774240686427
"TAS",2008-09-01,2008,9,222,500062,7.8502250365221,72.6937659592067
"TAS",2008-10-01,2008,10,61,501774,10.4379894472791,67.5130346219903
"TAS",2008-11-01,2008,11,17,501774,11.2828684043569,71.9441535180637
"TAS",2008-12-01,2008,12,1,501774,12.0131599149856,68.1652910575269
"TAS",2009-01-01,2009,1,0,503431,15.2428016999559,61.1962278220827
"TAS",2009-02-01,2009,2,0,503431,14.5610413868286,69.4870184292664
"TAS",2009-03-01,2009,3,2,503431,13.450013205795,74.6473427506653
"TAS",2009-04-01,2009,4,3,504353,10.3359982363644,78.1116834036703
"TAS",2009-05-01,2009,5,19,504353,8.43814166470582,81.1410878730478
"TAS",2009-06-01,2009,6,186,504353,7.14478135245121,89.5593958444911
"TAS",2009-07-01,2009,7,940,505468,6.05342173054508,83.4040646497212
"TAS",2009-08-01,2009,8,146,505468,7.74484000896175,79.8524773646002
"TAS",2009-09-01,2009,9,4,505468,8.44568405686318,77.9542411703592
"TAS",2009-10-01,2009,10,6,506461,9.18629132330548,72.9733806516453
"TAS",2009-11-01,2009,11,4,506461,13.6165630349593,72.2479550463343
"TAS",2009-12-01,2009,12,2,506461,13.8135214649169,67.5075806510033
"TAS",2010-01-01,2010,1,2,508182,15.189106383304,63.3538689206723
"TAS",2010-02-01,2010,2,2,508182,16.0349434789784,71.3843082154317
"TAS",2010-03-01,2010,3,6,508182,14.817881101594,72.5945153124872
"TAS",2010-04-01,2010,4,10,508847,11.9559711228745,78.6333753740404
"TAS",2010-05-01,2010,5,4,508847,8.15377966312667,82.4274548623935
"TAS",2010-06-01,2010,6,1,508847,6.14814149037703,84.4841545588737
"TAS",2010-07-01,2010,7,2,509481,6.36423876626707,85.9280456650391
"TAS",2010-08-01,2010,8,11,509481,6.22244730532264,81.4636104360323
"TAS",2010-09-01,2010,9,35,509481,7.2646512075074,74.1130142842202
"TAS",2010-10-01,2010,10,22,510219,10.0591565362255,73.8990326529969
"TAS",2010-11-01,2010,11,6,510219,12.0400687449276,73.2732184095077
"TAS",2010-12-01,2010,12,6,510219,12.7455978477033,71.0043175826846
"TAS",2011-01-01,2011,1,5,511248,15.3463784111371,71.0027193244007
"TAS",2011-02-01,2011,2,3,511248,13.8249410571942,73.9070257717474
"TAS",2011-03-01,2011,3,2,511248,12.5874214184866,74.8956542846399
"TAS",2011-04-01,2011,4,23,511483,10.7240292311201,81.8682721655782
"TAS",2011-05-01,2011,5,28,511483,7.39006423417286,82.4254471721394
"TAS",2011-06-01,2011,6,22,511483,6.53749615125538,85.3709254066508
"TAS",2011-07-01,2011,7,79,511880,5.67179496409816,81.3681631794416
"TAS",2011-08-01,2011,8,104,511880,8.49619131440942,84.0622588549582
"TAS",2011-09-01,2011,9,68,511880,8.40235035245718,74.2472571467341
"TAS",2011-10-01,2011,10,13,511739,9.7098428868909,73.5857396751669
"TAS",2011-11-01,2011,11,9,511739,12.5032144074829,71.3794601833662
"TAS",2011-12-01,2011,12,7,511739,13.7646087185715,70.4462547193312
"TAS",2012-01-01,2012,1,1,511993,15.7050930762069,66.1761218950686
"TAS",2012-02-01,2012,2,4,511993,15.4277357167454,70.6154567661755
"TAS",2012-03-01,2012,3,6,511993,13.0525012691274,73.7488861885625
"TAS",2012-04-01,2012,4,4,511724,11.5793774808503,78.3844141693544
"TAS",2012-05-01,2012,5,5,511724,8.51153981469551,83.2206360645087
"TAS",2012-06-01,2012,6,53,511724,6.29906310976498,83.4963851322665
"TAS",2012-07-01,2012,7,579,511582,6.05377141176255,85.9914368241516
"TAS",2012-08-01,2012,8,378,511582,6.48789894428688,80.5587293030617
"TAS",2012-09-01,2012,9,30,511582,8.24431045993821,76.6544431955436
"TAS",2012-10-01,2012,10,16,511813,9.59625753945982,71.8793888631777
"TAS",2012-11-01,2012,11,15,511813,12.5873181483564,69.4156227281898
"TAS",2012-12-01,2012,12,4,511813,13.6465515560714,65.870235476429
"TAS",2013-01-01,2013,1,2,512240,15.4367475686229,62.4900185285561
"TAS",2013-02-01,2013,2,4,512240,16.0502112075733,69.048009207372
"TAS",2013-03-01,2013,3,2,512240,15.4722824125207,70.5710610474685
"TAS",2013-04-01,2013,4,5,512231,10.5294310996209,75.6532701203573
"TAS",2013-05-01,2013,5,2,512231,8.37417810249159,82.5642567374362
"TAS",2013-06-01,2013,6,5,512231,6.84100130987205,85.5607891077315
"TAS",2013-07-01,2013,7,15,512510,7.10423786277726,84.6628938506435
"TAS",2013-08-01,2013,8,67,512510,7.18321763442252,79.895979946366
"TAS",2013-09-01,2013,9,77,512510,9.27384990120388,76.2681745207512
"TAS",2013-10-01,2013,10,60,513015,9.53871492472472,69.9396161830384
"TAS",2013-11-01,2013,11,40,513015,10.9057812412861,75.1387258315441
"TAS",2013-12-01,2013,12,17,513015,13.5202035971886,69.0301360706528
"TAS",2014-01-01,2014,1,22,513681,15.6570153970819,64.1671617916371
"TAS",2014-02-01,2014,2,16,513681,15.6517870561228,67.7460764484939
"TAS",2014-03-01,2014,3,12,513681,14.4677250919181,74.2780544894395
"TAS",2014-04-01,2014,4,17,513621,11.0245540877412,76.8350007791734
"TAS",2014-05-01,2014,5,20,513621,9.14302445723456,83.1950973854708
"TAS",2014-06-01,2014,6,42,513621,7.44305304706969,86.3619435359666
"TAS",2014-07-01,2014,7,69,513898,6.84984101643462,85.719873078742
"TAS",2014-08-01,2014,8,253,513898,7.08327057711213,81.4433188997821
"TAS",2014-09-01,2014,9,161,513898,8.88304722985002,73.3700128684271
"TAS",2014-10-01,2014,10,41,514040,10.2346240332328,71.4015985366973
"TAS",2014-11-01,2014,11,8,514040,11.7649264562148,67.5137430250476
"TAS",2014-12-01,2014,12,15,514040,13.8156980262879,72.2842954899956
"TAS",2015-01-01,2015,1,6,514812,14.9553171135943,68.3844690856363
"TAS",2015-02-01,2015,2,7,514812,15.8926276919091,69.8840220703917
"TAS",2015-03-01,2015,3,19,514812,12.0360760384798,73.1444527831715
"TAS",2015-04-01,2015,4,34,515117,9.8937556352408,77.8862617055133
"TAS",2015-05-01,2015,5,36,515117,7.83041161232228,81.3349234057253
"TAS",2015-06-01,2015,6,64,515117,6.26391883503783,84.8559089781886
"TAS",2015-07-01,2015,7,161,515697,5.51571845556039,81.9908109543539
"TAS",2015-08-01,2015,8,483,515697,5.21887354990222,79.8279009881506
"TAS",2015-09-01,2015,9,491,515697,8.50539341271083,76.9445143902494
"TAS",2015-10-01,2015,10,106,515694,11.7929017772547,66.8056047179299
"TAS",2015-11-01,2015,11,17,515694,12.5374658494709,67.2764159300284
"TAS",2015-12-01,2015,12,12,515694,15.2617108452759,63.5197179644997
"TAS",2016-01-01,2016,1,11,516861,16.3731219112905,66.8114068987964
"TAS",2016-02-01,2016,2,16,516861,15.9332004387139,69.9644345454995
"TAS",2016-03-01,2016,3,22,516861,14.3943939254607,74.1399821859833
"TAS",2016-04-01,2016,4,26,517514,12.0801855988639,74.4507447635226
"TAS",2016-05-01,2016,5,18,517514,9.03346570288756,80.4137018747561
"TAS",2016-06-01,2016,6,28,517514,7.48937473087844,85.6501757870384
"TAS",2016-07-01,2016,7,43,519606,6.88617817955509,81.7138743977507
"TAS",2016-08-01,2016,8,257,519606,6.7295931141448,79.3509152824156
"TAS",2016-09-01,2016,9,451,519606,9.01077796404918,79.5893896182215
"TAS",2016-10-01,2016,10,100,521981,9.11601386555365,70.4135928649568
"TAS",2016-11-01,2016,11,57,521981,11.5738789446751,71.2003039013004
"TAS",2016-12-01,2016,12,29,521981,14.2311017918346,68.0718319155895
"TAS",2017-01-01,2017,1,34,524574,15.3999204997712,66.6347732360489
"TAS",2017-02-01,2017,2,29,524574,14.0039011414863,67.516334939976
"TAS",2017-03-01,2017,3,44,524574,15.1953841938903,74.8241830364043
"TAS",2017-04-01,2017,4,31,526762,11.5016684535235,77.239532335039
"TAS",2017-05-01,2017,5,31,526762,8.25607645077411,84.1303330848763
"TAS",2017-06-01,2017,6,70,526762,6.64070892866896,84.1234859946299
"TAS",2017-07-01,2017,7,305,529350,5.38426870564906,84.4156816748605
"TAS",2017-08-01,2017,8,1057,529350,5.87829896289218,80.3860886360305
"TAS",2017-09-01,2017,9,1605,529350,7.19951808466352,75.5378698261442
"TAS",2017-10-01,2017,10,217,531561,11.3885764802893,72.0467945491739
"TAS",2017-11-01,2017,11,55,531561,14.5706752962699,68.2813135742136
"TAS",2017-12-01,2017,12,32,531561,14.8223182549422,67.348491752527
"TAS",2018-01-01,2018,1,14,534754,16.7659371197382,65.5182842671591
"TAS",2018-02-01,2018,2,24,534754,14.9727660352732,70.4833449316719
"TAS",2018-03-01,2018,3,30,534754,13.5919741045833,71.9556837234042
"TAS",2018-04-01,2018,4,20,537291,11.1423929316852,76.9134077715179
"TAS",2018-05-01,2018,5,10,537291,8.80335124897846,79.1729113668755
"TAS",2018-06-01,2018,6,28,537291,6.45430393606943,86.0405513029651
"TAS",2018-07-01,2018,7,21,540241,6.49873565062392,82.6988495205029
"TAS",2018-08-01,2018,8,35,540241,6.37372809335475,79.5161828474919
"TAS",2018-09-01,2018,9,81,540241,7.83443126973518,74.0421387299022
"TAS",2018-10-01,2018,10,82,542927,10.680480775855,72.1063926788332
"TAS",2018-11-01,2018,11,70,542927,12.2421895952285,73.6866018441972
"TAS",2018-12-01,2018,12,35,542927,15.5978551020621,68.0314612747925
"TAS",2019-01-01,2019,1,55,545803,17.2527694388011,61.9961255393417
"TAS",2019-02-01,2019,2,69,545803,15.0351481198006,69.0586609631795
"TAS",2019-03-01,2019,3,172,545803,14.214297951285,71.4525641129903
"TAS",2019-04-01,2019,4,361,547841,11.0617536740128,75.2517151262829
"TAS",2019-05-01,2019,5,348,547841,8.95262226474032,81.9550577590787
"TAS",2019-06-01,2019,6,394,547841,6.71707285363938,84.4000288416191
"TAS",2019-07-01,2019,7,487,549947,6.75373554697383,82.3296578352506
"TAS",2019-08-01,2019,8,613,549947,6.34376266842678,78.79485235178
"TAS",2019-09-01,2019,9,346,549947,8.20803239028523,73.5373525002023
"TAS",2019-10-01,2019,10,148,553340,10.2848576908322,69.441499234352
"TAS",2019-11-01,2019,11,95,553340,10.8049917916968,66.0081516621747
"TAS",2019-12-01,2019,12,50,553340,13.7045104096899,63.8281067043711
"TAS",2020-01-01,2020,1,66,555975,15.8880431505506,66.5511360138461
"TAS",2020-02-01,2020,2,48,555975,14.1131374290477,71.2548955643155
"TAS",2020-03-01,2020,3,37,555975,12.7788979650301,74.2474553667156
"TAS",2020-04-01,2020,4,1,557578,10.4613153729636,79.4067640598672
"TAS",2020-05-01,2020,5,7,557578,8.48268587990623,83.21066599858
"TAS",2020-06-01,2020,6,2,557578,6.69488017915197,86.1673748930593
"TAS",2020-07-01,2020,7,2,559427,5.76707599779487,85.6200380983913
"TAS",2020-08-01,2020,8,1,559427,6.3916502008124,81.9089286483336
"TAS",2020-09-01,2020,9,0,559427,8.60286936638218,77.0863531250558
"TAS",2020-10-01,2020,10,2,561881,9.7352803860382,75.8220047286688
"TAS",2020-11-01,2020,11,2,561881,13.6224814119767,68.4578946749981
"TAS",2020-12-01,2020,12,2,561881,12.6168671999758,70.0653528016928
"TAS",2021-01-01,2021,1,5,564840,14.9643478842351,67.2463010932433
"TAS",2021-02-01,2021,2,0,564840,14.8498118761244,71.0432463960571
"TAS",2021-03-01,2021,3,2,564840,13.1913230146337,74.116069404753
"TAS",2021-04-01,2021,4,3,567239,10.7256056889541,76.5197191423384
"TAS",2021-05-01,2021,5,4,567239,8.17626901490366,80.5560563434409
"TAS",2021-06-01,2021,6,5,567239,7.89769746099219,88.4094687108943
"TAS",2021-07-01,2021,7,8,566928,6.51085109939528,84.9446203914173
"TAS",2021-08-01,2021,8,4,566928,7.29315279527776,79.9807035509937
"TAS",2021-09-01,2021,9,5,566928,8.02524269106759,74.3067909834337
"TAS",2021-10-01,2021,10,2,568628,9.739816071825,76.7343673936918
"TAS",2021-11-01,2021,11,2,568628,11.3840923236609,73.4245979297506
"TAS",2021-12-01,2021,12,0,568628,13.5674888729189,64.7864571837543
"TAS",2022-01-01,2022,1,0,570272,16.7533111338901,74.6742629953443
"TAS",2022-02-01,2022,2,0,570272,15.0354342182917,70.6148089405707
"TAS",2022-03-01,2022,3,4,570272,14.2324933826723,75.7099710946623
"TAS",2022-04-01,2022,4,19,571051,11.6887714889112,80.7947553563528
"TAS",2022-05-01,2022,5,223,571051,8.39922441958745,84.9614352590298
"TAS",2022-06-01,2022,6,1457,571051,6.3456900257633,83.9219985820696
"TAS",2022-07-01,2022,7,945,571691,5.7678599978492,85.011694738739
"TAS",2022-08-01,2022,8,120,571691,7.4333290362475,83.2482567967284
"TAS",2022-09-01,2022,9,65,571691,8.08518831343856,79.0842127396957
"TAS",2022-10-01,2022,10,28,572352,10.0823927450636,76.4068751846104
"TAS",2022-11-01,2022,11,27,572352,10.9349807327148,71.3548196266054
"TAS",2022-12-01,2022,12,52,572352,13.2898739951656,70.2165104996122
"WA",2008-01-01,2008,1,32,2155552,25.1452130907194,49.9216065777806
"WA",2008-02-01,2008,2,14,2155552,24.8013993238205,51.8360683763985
"WA",2008-03-01,2008,3,19,2155552,22.1438041157025,56.6262530567444
"WA",2008-04-01,2008,4,18,2171700,17.6113934868724,67.125408199673
"WA",2008-05-01,2008,5,37,2171700,15.6915151823027,75.1809208690842
"WA",2008-06-01,2008,6,27,2171700,13.0123856730881,72.6543788273135
"WA",2008-07-01,2008,7,46,2191582,11.7992983855738,76.369830186625
"WA",2008-08-01,2008,8,220,2191582,11.7428678259841,65.0666143127952
"WA",2008-09-01,2008,9,430,2191582,14.023233336406,69.9276669942686
"WA",2008-10-01,2008,10,133,2208928,17.0158913372697,64.9206530266469
"WA",2008-11-01,2008,11,30,2208928,17.3170937417542,64.069807955707
"WA",2008-12-01,2008,12,22,2208928,20.9255561971417,58.2612875379682
"WA",2009-01-01,2009,1,26,2228317,24.7703310060185,54.6253360128539
"WA",2009-02-01,2009,2,19,2228317,23.9330654112348,52.496881600835
"WA",2009-03-01,2009,3,14,2228317,21.1448562892797,55.7758056499542
"WA",2009-04-01,2009,4,20,2240250,19.6926867808453,55.9527395460858
"WA",2009-05-01,2009,5,91,2240250,15.801065578348,58.6470970025635
"WA",2009-06-01,2009,6,475,2240250,12.8833055630744,76.559216888795
"WA",2009-07-01,2009,7,2779,2253355,11.5777938500204,76.4234627695301
"WA",2009-08-01,2009,8,1665,2253355,12.9753170726505,77.7644244786532
"WA",2009-09-01,2009,9,288,2253355,12.9534040455017,70.6548166852858
"WA",2009-10-01,2009,10,91,2263747,16.9464285629539,65.0139283630207
"WA",2009-11-01,2009,11,30,2263747,19.5978231669602,58.6863516563506
"WA",2009-12-01,2009,12,24,2263747,22.9571367935319,47.0910078074212
"WA",2010-01-01,2010,1,16,2278589,25.2286253951904,46.9305387994631
"WA",2010-02-01,2010,2,10,2278589,24.6482130752352,53.3232755992582
"WA",2010-03-01,2010,3,18,2278589,22.8951595395385,55.7627862940967
"WA",2010-04-01,2010,4,26,2290845,18.4238916842941,67.6694266885403
"WA",2010-05-01,2010,5,25,2290845,14.5886910099854,68.760396466424
"WA",2010-06-01,2010,6,37,2290845,12.2211826750487,73.087111511794
"WA",2010-07-01,2010,7,140,2305415,11.1384466903861,74.7991163167652
"WA",2010-08-01,2010,8,293,2305415,12.0440972299948,69.8699223617649
"WA",2010-09-01,2010,9,462,2305415,14.2045333169119,60.6173223110815
"WA",2010-10-01,2010,10,399,2319063,17.0164639630989,53.4188091246001
"WA",2010-11-01,2010,11,108,2319063,21.6360721568883,47.7509983389382
"WA",2010-12-01,2010,12,96,2319063,22.3451874817736,52.955990956928
"WA",2011-01-01,2011,1,60,2337611,24.8169335791109,54.5336759349166
"WA",2011-02-01,2011,2,65,2337611,26.117704900032,53.5201445668149
"WA",2011-03-01,2011,3,43,2337611,23.7565275553164,52.7477580011957
"WA",2011-04-01,2011,4,32,2353409,19.7614072061841,57.3842262322119
"WA",2011-05-01,2011,5,23,2353409,16.0164004868267,66.2352387318331
"WA",2011-06-01,2011,6,59,2353409,13.5751734413332,73.3038715659757
"WA",2011-07-01,2011,7,241,2369612,12.3390646759117,79.0386453524484
"WA",2011-08-01,2011,8,419,2369612,13.3266734060541,73.0692204701719
"WA",2011-09-01,2011,9,488,2369612,13.8489525083793,70.4121424413631
"WA",2011-10-01,2011,10,204,2385947,17.2260596092841,67.6921510871752
"WA",2011-11-01,2011,11,122,2385947,19.3194245015955,59.0555762348586
"WA",2011-12-01,2011,12,107,2385947,23.0124628449954,56.3851398722338
"WA",2012-01-01,2012,1,59,2408108,25.5356127857023,51.1278018238208
"WA",2012-02-01,2012,2,65,2408108,23.6223571142639,57.500096945768
"WA",2012-03-01,2012,3,143,2408108,22.3667562702428,49.0349497763106
"WA",2012-04-01,2012,4,85,2425507,19.0099771735883,61.9379118407547
"WA",2012-05-01,2012,5,119,2425507,15.459659489549,67.0970982768575
"WA",2012-06-01,2012,6,537,2425507,13.455009325778,73.1737198110942
"WA",2012-07-01,2012,7,1755,2442876,11.3049400938512,69.476744991986
"WA",2012-08-01,2012,8,1870,2442876,12.9046083170737,74.0899388829883
"WA",2012-09-01,2012,9,377,2442876,14.382373958581,66.4571452861546
"WA",2012-10-01,2012,10,93,2457489,17.6387493771088,59.3961815907895
"WA",2012-11-01,2012,11,89,2457489,18.74758631296,61.9639000884084
"WA",2012-12-01,2012,12,38,2457489,23.4942165266116,55.0275850503134
"WA",2013-01-01,2013,1,73,2475242,24.3387217906484,53.8887244390714
"WA",2013-02-01,2013,2,82,2475242,25.2057645372219,48.8247496506996
"WA",2013-03-01,2013,3,137,2475242,20.8842017763434,63.5511937537025
"WA",2013-04-01,2013,4,67,2486944,20.9116384185094,65.8232753935409
"WA",2013-05-01,2013,5,76,2486944,14.9236943217236,74.7139354036985
"WA",2013-06-01,2013,6,67,2486944,12.6962317745938,75.125401559682
"WA",2013-07-01,2013,7,197,2496285,11.9208543918399,74.4561699355103
"WA",2013-08-01,2013,8,562,2496285,14.0495892841918,77.2559840714338
"WA",2013-09-01,2013,9,519,2496285,14.5251748433272,73.8356130973937
"WA",2013-10-01,2013,10,319,2502188,17.0993706367125,66.7815385582753
"WA",2013-11-01,2013,11,208,2502188,21.2902204621368,55.0127287631649
"WA",2013-12-01,2013,12,88,2502188,22.7389609290773,51.0869895618287
"WA",2014-01-01,2014,1,141,2512556,24.548271727572,52.4579011793218
"WA",2014-02-01,2014,2,120,2512556,24.7169355800547,47.9942421467942
"WA",2014-03-01,2014,3,122,2512556,22.7147724856806,57.5209248108141
"WA",2014-04-01,2014,4,128,2517608,19.0858448833257,62.3826483639091
"WA",2014-05-01,2014,5,140,2517608,15.9266207357205,79.1426520906914
"WA",2014-06-01,2014,6,192,2517608,12.6781179618224,72.7174448149697
"WA",2014-07-01,2014,7,786,2524042,12.523554086554,77.50531396547
"WA",2014-08-01,2014,8,1892,2524042,14.6856384098862,70.3008943135614
"WA",2014-09-01,2014,9,1079,2524042,15.4753800298741,72.0884414296706
"WA",2014-10-01,2014,10,394,2528619,17.6336824239649,65.8827049298116
"WA",2014-11-01,2014,11,140,2528619,19.1112197462764,60.9391079477532
"WA",2014-12-01,2014,12,115,2528619,21.5781641161774,53.1468127972089
"WA",2015-01-01,2015,1,171,2536604,24.7952989175575,47.7320818400879
"WA",2015-02-01,2015,2,165,2536604,24.9114462271981,55.6031631291294
"WA",2015-03-01,2015,3,180,2536604,21.7520525786601,60.0152202364202
"WA",2015-04-01,2015,4,196,2540672,18.446282332592,62.8691578763806
"WA",2015-05-01,2015,5,367,2540672,14.1583768140116,68.2862413543408
"WA",2015-06-01,2015,6,517,2540672,14.0804510131803,73.7780453822602
"WA",2015-07-01,2015,7,1151,2545509,12.7731288457546,75.9486028487413
"WA",2015-08-01,2015,8,1226,2545509,12.9544819022179,74.6487111150386
"WA",2015-09-01,2015,9,1239,2545509,14.7534945943532,63.000665437967
"WA",2015-10-01,2015,10,549,2547745,19.0807192950106,61.7071988926824
"WA",2015-11-01,2015,11,101,2547745,21.1222371916965,57.6791421427323
"WA",2015-12-01,2015,12,128,2547745,22.1815427184962,51.8257862106132
"WA",2016-01-01,2016,1,132,2554506,24.4843098260172,56.435298041384
"WA",2016-02-01,2016,2,177,2554506,24.06835858398,50.816207678272
"WA",2016-03-01,2016,3,197,2554506,22.7127398143297,61.6296939532217
"WA",2016-04-01,2016,4,193,2555978,18.8322975698342,70.8239427475887
"WA",2016-05-01,2016,5,233,2555978,14.4709407517805,75.6148160049523
"WA",2016-06-01,2016,6,285,2555978,12.5703143192288,77.7614420022688
"WA",2016-07-01,2016,7,974,2564492,11.5442138515639,75.3491078426434
"WA",2016-08-01,2016,8,2095,2564492,11.7313928917769,74.8582383479993
"WA",2016-09-01,2016,9,2626,2564492,12.0394351200486,71.5196398870841
"WA",2016-10-01,2016,10,577,2569606,15.2934001683518,65.0759728813785
"WA",2016-11-01,2016,11,205,2569606,19.8803072571419,55.6892723931675
"WA",2016-12-01,2016,12,151,2569606,21.2237893829372,55.2920942884539
"WA",2017-01-01,2017,1,138,2579276,23.3770967741745,53.0664427073677
"WA",2017-02-01,2017,2,125,2579276,22.8769930803492,62.524942760273
"WA",2017-03-01,2017,3,158,2579276,21.1822208600132,62.5168524965384
"WA",2017-04-01,2017,4,93,2585720,18.6223990274967,62.1388453374859
"WA",2017-05-01,2017,5,148,2585720,15.546995840057,70.0152879669613
"WA",2017-06-01,2017,6,294,2585720,13.6402672565681,67.1521807438684
"WA",2017-07-01,2017,7,542,2594138,12.5052576416811,77.0399935939763
"WA",2017-08-01,2017,8,1064,2594138,12.9594067017792,75.7295069210651
"WA",2017-09-01,2017,9,2038,2594138,14.2914129056395,71.1947753529286
"WA",2017-10-01,2017,10,785,2599928,16.3502289026804,65.2321299012118
"WA",2017-11-01,2017,11,357,2599928,21.3698375824218,54.6625374312398
"WA",2017-12-01,2017,12,274,2599928,22.4491761735685,53.7421434557404
"WA",2018-01-01,2018,1,238,2610320,23.3699305304281,56.4329741219673
"WA",2018-02-01,2018,2,334,2610320,22.7105458075532,60.1904279046679
"WA",2018-03-01,2018,3,288,2610320,22.7522390072112,58.2080645894445
"WA",2018-04-01,2018,4,150,2617792,18.825351321967,67.4036603728548
"WA",2018-05-01,2018,5,196,2617792,16.1099279057295,59.4308197791796
"WA",2018-06-01,2018,6,501,2617792,12.9117538006375,76.2734573448993
"WA",2018-07-01,2018,7,670,2628121,13.1279823399197,76.1718964780641
"WA",2018-08-01,2018,8,1023,2628121,12.0287719915234,75.1892524300238
"WA",2018-09-01,2018,9,1086,2628121,13.682737488914,71.4889698868791
"WA",2018-10-01,2018,10,598,2636404,16.9579329426553,69.9326352603725
"WA",2018-11-01,2018,11,404,2636404,18.229119361217,60.3490486034323
"WA",2018-12-01,2018,12,363,2636404,21.9168303303717,56.4364465740125
"WA",2019-01-01,2019,1,531,2649641,22.8664622168296,54.0891840169716
"WA",2019-02-01,2019,2,498,2649641,23.6843923050095,55.1127904232536
"WA",2019-03-01,2019,3,496,2649641,22.6703142141169,57.697621158302
"WA",2019-04-01,2019,4,512,2659625,18.241922341363,61.4202454020754
"WA",2019-05-01,2019,5,4056,2659625,14.5231871378495,62.7241100429853
"WA",2019-06-01,2019,6,10133,2659625,13.3527149844795,69.1334820539512
"WA",2019-07-01,2019,7,4766,2674246,12.6425862786648,77.2598039753546
"WA",2019-08-01,2019,8,1220,2674246,13.1652947111875,68.5385581262322
"WA",2019-09-01,2019,9,372,2674246,15.2573201186625,68.9276903036629
"WA",2019-10-01,2019,10,200,2688799,17.2425850616481,64.9129584627406
"WA",2019-11-01,2019,11,221,2688799,21.0528177838883,51.7268513066685
"WA",2019-12-01,2019,12,223,2688799,25.0152052951506,48.3396322041854
"WA",2020-01-01,2020,1,541,2706350,23.2890556694053,52.4058938137969
"WA",2020-02-01,2020,2,384,2706350,25.0175506903947,56.3401704962247
"WA",2020-03-01,2020,3,196,2706350,22.3331545993881,58.8798032551169
"WA",2020-04-01,2020,4,28,2712912,19.5396555427675,62.6841661712788
"WA",2020-05-01,2020,5,23,2712912,15.0207170623564,66.192331636181
"WA",2020-06-01,2020,6,21,2712912,14.6431488843689,69.6052848485932
"WA",2020-07-01,2020,7,12,2720001,13.042919204965,73.8527568266726
"WA",2020-08-01,2020,8,6,2720001,12.8490513675621,73.7709379447638
"WA",2020-09-01,2020,9,2,2720001,15.0655201763678,68.5744802831071
"WA",2020-10-01,2020,10,3,2728187,17.7005414586671,60.8581943171197
"WA",2020-11-01,2020,11,6,2728187,18.2344194260355,63.6955440242
"WA",2020-12-01,2020,12,10,2728187,23.4257242734445,47.632641435391
"WA",2021-01-01,2021,1,5,2739105,24.8815176665318,45.4120470681723
"WA",2021-02-01,2021,2,4,2739105,22.7769114793875,56.1622019504401
"WA",2021-03-01,2021,3,0,2739105,22.4658042687944,60.6701128787022
"WA",2021-04-01,2021,4,4,2749365,19.4498299615346,64.581870801284
"WA",2021-05-01,2021,5,6,2749365,15.9264425358518,71.698218103147
"WA",2021-06-01,2021,6,6,2749365,12.2125588008258,77.798309465941
"WA",2021-07-01,2021,7,4,2753214,13.1557699671171,78.2847167967755
"WA",2021-08-01,2021,8,0,2753214,13.0944751476762,72.6526954032769
"WA",2021-09-01,2021,9,0,2753214,14.15691223257,67.7989208170206
"WA",2021-10-01,2021,10,3,2763015,14.9257591524733,67.8373177954301
"WA",2021-11-01,2021,11,4,2763015,18.7523684538294,58.8510226696883
"WA",2021-12-01,2021,12,4,2763015,23.5717277616537,51.3135903456882
"WA",2022-01-01,2022,1,4,2777252,25.3866309157367,48.0754088301388
"WA",2022-02-01,2022,2,7,2777252,25.5105299878474,50.2571906226299
"WA",2022-03-01,2022,3,7,2777252,22.8335927111799,59.5343410671882
"WA",2022-04-01,2022,4,23,2791794,18.418941187147,65.3642774087473
"WA",2022-05-01,2022,5,369,2791794,15.1380553365525,72.0275300992803
"WA",2022-06-01,2022,6,3027,2791794,13.4869248914815,78.2894443865764
"WA",2022-07-01,2022,7,7221,2812331,12.5582942060432,74.6061254081663
"WA",2022-08-01,2022,8,1661,2812331,12.1880474163914,73.4035888097304
"WA",2022-09-01,2022,9,625,2812331,14.2035198038024,71.9313923999099
"WA",2022-10-01,2022,10,314,2834117,14.8770612669137,66.9688104911582
"WA",2022-11-01,2022,11,312,2834117,18.3499413764775,60.431536596408
"WA",2022-12-01,2022,12,424,2834117,22.2959395692383,51.9266618471176
"NT",2008-01-01,2008,1,5,217912,29.5641208312218,65.8096796244735
"NT",2008-02-01,2008,2,17,217912,27.7370600693909,72.0753493056964
"NT",2008-03-01,2008,3,8,217912,27.4085915223971,67.0101643301092
"NT",2008-04-01,2008,4,4,219874,25.4329732650115,53.488832384516
"NT",2008-05-01,2008,5,2,219874,22.9880879454964,49.4549008771375
"NT",2008-06-01,2008,6,1,219874,21.8529037596575,56.0280138148062
"NT",2008-07-01,2008,7,4,221464,20.7465168317015,48.3581068103627
"NT",2008-08-01,2008,8,39,221464,22.0823671773708,45.1839972075372
"NT",2008-09-01,2008,9,59,221464,26.1469017376367,54.9776246906456
"NT",2008-10-01,2008,10,32,222526,28.7963941872793,51.6194241245104
"NT",2008-11-01,2008,11,23,222526,29.2581321166533,63.3470462390545
"NT",2008-12-01,2008,12,6,222526,28.5676929826756,69.7167752923203
"NT",2009-01-01,2009,1,11,223922,28.2843787827331,73.3449439671371
"NT",2009-02-01,2009,2,1,223922,27.7542788164896,71.0192828584699
"NT",2009-03-01,2009,3,4,223922,28.426373845446,60.076188429013
"NT",2009-04-01,2009,4,1,226027,27.1999508027559,58.0566581983039
"NT",2009-05-01,2009,5,41,226027,24.0408433122635,56.1025534565589
"NT",2009-06-01,2009,6,388,226027,21.728219354785,57.4897132439994
"NT",2009-07-01,2009,7,1242,227255,21.1915857901085,51.8090176509031
"NT",2009-08-01,2009,8,211,227255,23.735866087229,54.4480436111066
"NT",2009-09-01,2009,9,51,227255,26.6932992891457,53.9652517750069
"NT",2009-10-01,2009,10,15,227783,27.6775039988419,49.5979635406697
"NT",2009-11-01,2009,11,8,227783,29.3491874356617,55.6634921807213
"NT",2009-12-01,2009,12,6,227783,28.9531254763645,65.6509438659931
"NT",2010-01-01,2010,1,3,228600,28.2455744111094,72.5483560450915
"NT",2010-02-01,2010,2,0,228600,28.8067614418647,70.5583966167169
"NT",2010-03-01,2010,3,2,228600,27.8382443940538,67.0737992063286
"NT",2010-04-01,2010,4,2,229778,26.6846349127462,71.4160823488033
"NT",2010-05-01,2010,5,1,229778,24.8442365921191,67.4183259084559
"NT",2010-06-01,2010,6,21,229778,21.6565708184903,54.5823012308071
"NT",2010-07-01,2010,7,26,230460,23.2132095980935,59.9145815862211
"NT",2010-08-01,2010,8,26,230460,23.049488108309,54.474469471316
"NT",2010-09-01,2010,9,151,230460,26.1299821163608,62.3691242249275
"NT",2010-10-01,2010,10,107,230299,26.8383373267874,63.7827653887854
"NT",2010-11-01,2010,11,55,230299,27.7531299373728,62.4685093416226
"NT",2010-12-01,2010,12,89,230299,28.0325406000199,69.6558875082691
"NT",2011-01-01,2011,1,65,230224,28.0157330240892,73.671258365639
"NT",2011-02-01,2011,2,109,230224,26.9391360322652,79.0596236650886
"NT",2011-03-01,2011,3,126,230224,26.1499466443292,80.7083271069722
"NT",2011-04-01,2011,4,29,231292,24.9251434414602,67.109396728331
"NT",2011-05-01,2011,5,5,231292,21.6118608555444,56.9694816318999
"NT",2011-06-01,2011,6,4,231292,18.6436960808411,56.2638123730653
"NT",2011-07-01,2011,7,13,232581,21.1131675537143,56.5780590758192
"NT",2011-08-01,2011,8,43,232581,21.9786529828237,51.8599871455529
"NT",2011-09-01,2011,9,142,232581,24.8477248710903,52.2298836390175
"NT",2011-10-01,2011,10,34,232952,28.0378702186758,58.9235083529718
"NT",2011-11-01,2011,11,11,232952,28.1326164639828,65.7391745084973
"NT",2011-12-01,2011,12,12,232952,28.8441469628286,66.7722845006478
"NT",2012-01-01,2012,1,7,234275,28.9911368903784,66.2459903486858
"NT",2012-02-01,2012,2,1,234275,28.3699935327584,66.6606386049453
"NT",2012-03-01,2012,3,14,234275,26.6767079882485,73.227699931758
"NT",2012-04-01,2012,4,23,235915,25.7955264782707,62.8874324654819
"NT",2012-05-01,2012,5,37,235915,23.0130269197512,54.9558269553048
"NT",2012-06-01,2012,6,86,235915,19.6735604031099,52.8216740821883
"NT",2012-07-01,2012,7,90,237517,20.4689755332365,48.8362182250412
"NT",2012-08-01,2012,8,79,237517,21.6517345040709,50.7805127902518
"NT",2012-09-01,2012,9,37,237517,25.5839413374065,53.1347353303401
"NT",2012-10-01,2012,10,28,238728,28.0182806651615,52.6442046138883
"NT",2012-11-01,2012,11,36,238728,29.6992786436755,58.6448289311963
"NT",2012-12-01,2012,12,5,238728,29.9462580664379,61.4146260842535
"NT",2013-01-01,2013,1,7,240107,30.0213380319707,64.2484431378233
"NT",2013-02-01,2013,2,36,240107,28.9948759448755,66.1355003165958
"NT",2013-03-01,2013,3,89,240107,28.2258224842619,69.6436789266892
"NT",2013-04-01,2013,4,19,241722,26.7778497358334,58.1745978645272
"NT",2013-05-01,2013,5,11,241722,25.169946579663,63.7159965115067
"NT",2013-06-01,2013,6,8,241722,22.9072063044114,55.0561489599078
"NT",2013-07-01,2013,7,8,242301,22.0870666581565,52.5276851684833
"NT",2013-08-01,2013,8,32,242301,23.0742934575344,52.0216483799779
"NT",2013-09-01,2013,9,70,242301,26.682151702635,53.0143280174091
"NT",2013-10-01,2013,10,57,242304,28.4967137848453,52.8333964209286
"NT",2013-11-01,2013,11,57,242304,28.8935096496104,60.875174397655
"NT",2013-12-01,2013,12,76,242304,28.7978394366674,66.2843501945811
"NT",2014-01-01,2014,1,98,242790,28.3813123350244,70.6319034252955
"NT",2014-02-01,2014,2,125,242790,27.387585316104,73.3081067060002
"NT",2014-03-01,2014,3,29,242790,28.0490649678948,64.3198868321904
"NT",2014-04-01,2014,4,29,242894,27.0274055341569,67.9365397592259
"NT",2014-05-01,2014,5,10,242894,24.9987742294335,63.0176645753376
"NT",2014-06-01,2014,6,12,242894,21.6635293033229,53.0094120464485
"NT",2014-07-01,2014,7,31,243201,21.0706771409339,56.9526977547147
"NT",2014-08-01,2014,8,186,243201,21.1748955325326,43.637931340255
"NT",2014-09-01,2014,9,183,243201,25.2778979579401,52.8570832746387
"NT",2014-10-01,2014,10,64,242753,28.1667658164439,50.4570762029062
"NT",2014-11-01,2014,11,18,242753,29.7429493203033,56.3335966935132
"NT",2014-12-01,2014,12,33,242753,29.5411418050269,66.5426695961057
"NT",2015-01-01,2015,1,20,243059,27.8278223230041,74.4082029724768
"NT",2015-02-01,2015,2,7,243059,29.0110013251424,65.9427240803226
"NT",2015-03-01,2015,3,11,243059,28.8327854426727,63.1723392045496
"NT",2015-04-01,2015,4,17,244692,26.2473377704505,56.5185932517146
"NT",2015-05-01,2015,5,17,244692,23.6343980332607,53.61535297894
"NT",2015-06-01,2015,6,15,244692,22.5593756242731,55.224270362915
"NT",2015-07-01,2015,7,42,244570,21.0969743426171,50.7144373556878
"NT",2015-08-01,2015,8,117,244570,22.5112024929174,53.6673454905849
"NT",2015-09-01,2015,9,172,244570,24.7991462920536,50.6628580641109
"NT",2015-10-01,2015,10,126,244090,28.2314122697705,50.9103681629034
"NT",2015-11-01,2015,11,91,244090,30.251902424343,55.0285731676333
"NT",2015-12-01,2015,12,41,244090,28.5354880875451,70.3760673981592
"NT",2016-01-01,2016,1,36,244627,29.4185156430159,66.5866573295419
"NT",2016-02-01,2016,2,23,244627,29.6140762929604,65.5137031892785
"NT",2016-03-01,2016,3,14,244627,29.2614525224599,68.6330389993013
"NT",2016-04-01,2016,4,27,245678,28.1050732836722,57.0213622911695
"NT",2016-05-01,2016,5,17,245678,26.0345937354655,65.8867107494498
"NT",2016-06-01,2016,6,10,245678,23.9479923798171,63.2736275445704
"NT",2016-07-01,2016,7,35,246443,21.7447103396165,55.7336423061504
"NT",2016-08-01,2016,8,81,246443,23.1973076592232,53.7184579763892
"NT",2016-09-01,2016,9,251,246443,26.0639737431707,64.8720162795084
"NT",2016-10-01,2016,10,106,246065,27.780867864301,54.9001053253518
"NT",2016-11-01,2016,11,36,246065,29.611467791865,57.542360470179
"NT",2016-12-01,2016,12,69,246065,28.635011845036,70.898424792362
"NT",2017-01-01,2017,1,75,246231,28.1295635460121,75.9911119611436
"NT",2017-02-01,2017,2,236,246231,27.9782024258361,70.1581458908428
"NT",2017-03-01,2017,3,162,246231,28.3280481846606,69.3528051676206
"NT",2017-04-01,2017,4,30,247412,26.2637759402435,63.0062560689455
"NT",2017-05-01,2017,5,24,247412,24.4723241535348,55.6667085660124
"NT",2017-06-01,2017,6,27,247412,21.9431092611989,52.1061587165196
"NT",2017-07-01,2017,7,59,247514,23.1128781729016,57.6834420081197
"NT",2017-08-01,2017,8,263,247514,23.3069590930673,50.6882238640843
"NT",2017-09-01,2017,9,367,247514,25.9249554094728,51.9530885043318
"NT",2017-10-01,2017,10,153,246862,28.6325712141402,58.1489244682891
"NT",2017-11-01,2017,11,46,246862,28.7473264937204,62.5786047386017
"NT",2017-12-01,2017,12,30,246862,29.664080497793,60.9992996181204
"NT",2018-01-01,2018,1,36,246674,28.3418424548492,72.4157920326757
"NT",2018-02-01,2018,2,19,246674,28.3897173482773,71.424882048087
"NT",2018-03-01,2018,3,35,246674,28.0660623095822,67.6606712146164
"NT",2018-04-01,2018,4,9,247095,27.4818193955999,58.8748249137746
"NT",2018-05-01,2018,5,15,247095,23.7233103370532,49.1796685655823
"NT",2018-06-01,2018,6,9,247095,21.7950822657411,51.7902023081256
"NT",2018-07-01,2018,7,5,247006,22.0145427551179,52.4883157811952
"NT",2018-08-01,2018,8,18,247006,22.5624650462835,49.3536302904546
"NT",2018-09-01,2018,9,31,247006,25.8053320190954,52.4105416756755
"NT",2018-10-01,2018,10,33,245920,28.6407922757821,56.2679073084601
"NT",2018-11-01,2018,11,341,245920,29.2023132679444,62.3213699417346
"NT",2018-12-01,2018,12,629,245920,30.7532232353432,60.5039344463776
"NT",2019-01-01,2019,1,129,246016,30.0846653593804,65.60832299697
"NT",2019-02-01,2019,2,70,246016,29.553930822866,63.1319514069254
"NT",2019-03-01,2019,3,111,246016,29.0628610072774,63.148095272498
"NT",2019-04-01,2019,4,267,246559,26.7727170530079,61.8163834577578
"NT",2019-05-01,2019,5,267,246559,24.2552001574667,56.8173551329375
"NT",2019-06-01,2019,6,142,246559,21.3051950357068,49.2446954157846
"NT",2019-07-01,2019,7,143,246677,21.4810654338929,51.3838541211872
"NT",2019-08-01,2019,8,155,246677,22.1693630583977,46.0153441223227
"NT",2019-09-01,2019,9,129,246677,24.8976684446891,50.2284835925058
"NT",2019-10-01,2019,10,78,246213,28.30813906432,51.6369194994552
"NT",2019-11-01,2019,11,79,246213,29.6196152370488,53.0397558002481
"NT",2019-12-01,2019,12,175,246213,31.3274275196952,54.7592241088094
"NT",2020-01-01,2020,1,115,246969,29.535862531625,68.0689188523244
"NT",2020-02-01,2020,2,63,246969,29.6031260297171,66.7143275923158
"NT",2020-03-01,2020,3,89,246969,28.3434989146066,66.3224515873888
"NT",2020-04-01,2020,4,16,247428,27.6673857958141,62.496873667442
"NT",2020-05-01,2020,5,4,247428,23.7247065561716,51.9349170117882
"NT",2020-06-01,2020,6,0,247428,22.5400291076046,53.539673459417
"NT",2020-07-01,2020,7,0,247755,21.4879789965816,47.5929157412223
"NT",2020-08-01,2020,8,1,247755,24.1415355232651,53.231782967741
"NT",2020-09-01,2020,9,0,247755,27.2252916839705,54.2421136039064
"NT",2020-10-01,2020,10,2,247819,27.9312396948044,58.7826521342329
"NT",2020-11-01,2020,11,0,247819,30.6754555828376,54.363761879733
"NT",2020-12-01,2020,12,0,247819,27.9845238021883,72.7173758222999
"NT",2021-01-01,2021,1,0,248185,28.515762366733,71.0447879442314
"NT",2021-02-01,2021,2,2,248185,27.7025835481933,74.3747028893874
"NT",2021-03-01,2021,3,5,248185,27.4942361298894,72.3781703350767
"NT",2021-04-01,2021,4,5,248151,26.1912689575031,60.9257061835503
"NT",2021-05-01,2021,5,6,248151,24.0656207142107,54.2887988717172
"NT",2021-06-01,2021,6,1,248151,22.2434553029445,58.4809156507538
"NT",2021-07-01,2021,7,0,248387,22.7914082987864,54.3628070366571
"NT",2021-08-01,2021,8,15,248387,23.9233692560155,49.7093187451524
"NT",2021-09-01,2021,9,10,248387,26.4487676015105,51.3251463152616
"NT",2021-10-01,2021,10,15,248125,29.0533173547641,58.7800736158524
"NT",2021-11-01,2021,11,11,248125,28.7399705949193,61.8056419313286
"NT",2021-12-01,2021,12,11,248125,29.6632047275848,63.3994272507243
"NT",2022-01-01,2022,1,0,249525,28.9048222257862,72.3067907940523
"NT",2022-02-01,2022,2,1,249525,27.7595926822547,70.9697676593193
"NT",2022-03-01,2022,3,1,249525,28.8748521696761,65.3308757881799
"NT",2022-04-01,2022,4,110,250228,27.6562660742925,63.4746579984449
"NT",2022-05-01,2022,5,1827,250228,25.2078896116865,59.9582149887914
"NT",2022-06-01,2022,6,2493,250228,22.6157899675085,54.9446521063752
"NT",2022-07-01,2022,7,279,250704,19.4893655582175,51.4029126057915
"NT",2022-08-01,2022,8,19,250704,23.3040528028874,52.8555326369796
"NT",2022-09-01,2022,9,11,250704,26.6698724881326,59.2049267558302
"NT",2022-10-01,2022,10,11,251248,28.4426221046649,61.9316951362362
"NT",2022-11-01,2022,11,6,251248,28.2168611595319,65.072371978314
"NT",2022-12-01,2022,12,37,251248,28.688793787289,67.2659868019169
