state,date,year,month,observed,observed_imp,popn,tas,RH
NSW,2008-01-01,2008,1,12,12,6919907.0,21.597085938798926,73.48741374075279
NSW,2008-02-01,2008,2,27,27,6919907.0,19.40452424143964,73.8973537405653
NSW,2008-03-01,2008,3,44,44,6919907.0,19.02913155767597,70.25083824688438
NSW,2008-04-01,2008,4,31,31,6943461.0,14.649581745455746,73.12706628011324
NSW,2008-05-01,2008,5,90,90,6943461.0,12.482742134874387,72.96261303612984
NSW,2008-06-01,2008,6,70,70,6943461.0,12.043396100488104,77.92772317073465
NSW,2008-07-01,2008,7,200,200,6972395.0,9.442758885792266,69.46115811939765
NSW,2008-08-01,2008,8,483,483,6972395.0,9.46813937475619,65.33004265205265
NSW,2008-09-01,2008,9,441,441,6972395.0,14.169236803366994,63.89944781503363
NSW,2008-10-01,2008,10,244,244,7001782.0,17.15036223393357,64.67571932189853
NSW,2008-11-01,2008,11,124,124,7001782.0,18.282054468783667,66.72639352412803
NSW,2008-12-01,2008,12,76,76,7001782.0,20.40253192760549,64.01278922935668
NSW,2009-01-01,2009,1,116,116,7032423.0,22.840099698813187,62.01103243552881
NSW,2009-02-01,2009,2,49,49,7032423.0,21.608310627695005,71.48672302647218
NSW,2009-03-01,2009,3,75,75,7032423.0,19.940290165269108,69.14512693756278
NSW,2009-04-01,2009,4,93,93,7053755.0,16.26833906934091,73.49135892436993
NSW,2009-05-01,2009,5,448,448,7053755.0,13.383923020053048,74.52037569637602
NSW,2009-06-01,2009,6,3065,3065,7053755.0,10.972408533209968,76.40518169137597
NSW,2009-07-01,2009,7,7846,7846,7079175.0,10.034435767595228,70.25251092864016
NSW,2009-08-01,2009,8,912,912,7079175.0,12.49453440554274,58.70364494424157
NSW,2009-09-01,2009,9,123,123,7079175.0,15.163607570602958,58.48382275212421
NSW,2009-10-01,2009,10,51,51,7101504.0,15.696877838424394,66.1135176269395
NSW,2009-11-01,2009,11,30,30,7101504.0,21.57964526415765,63.43309692292432
NSW,2009-12-01,2009,12,47,47,7101504.0,21.555889081438025,65.61241979264729
NSW,2010-01-01,2010,1,49,49,7128356.0,23.125490825320924,66.51421318882865
NSW,2010-02-01,2010,2,35,35,7128356.0,22.192509391703435,73.03789346621836
NSW,2010-03-01,2010,3,35,35,7128356.0,20.079893475582622,71.25773968286764
NSW,2010-04-01,2010,4,74,74,7144292.0,17.112792724489754,71.78457717246147
NSW,2010-05-01,2010,5,52,52,7144292.0,13.098118495099932,74.94680267857154
NSW,2010-06-01,2010,6,41,41,7144292.0,10.251700729353544,75.55545704685507
NSW,2010-07-01,2010,7,112,112,7162726.0,10.212252162079682,78.24809270817161
NSW,2010-08-01,2010,8,243,243,7162726.0,10.569072452756506,65.7013473830508
NSW,2010-09-01,2010,9,380,380,7162726.0,13.681777379371436,66.4296517380942
NSW,2010-10-01,2010,10,336,336,7179891.0,16.025088923745404,73.25718304457524
NSW,2010-11-01,2010,11,92,92,7179891.0,18.53340774683042,73.24493674011016
NSW,2010-12-01,2010,12,112,112,7179891.0,20.37566690768009,70.47013851773774
NSW,2011-01-01,2011,1,129,129,7204737.0,22.53011645649172,72.44870345646181
NSW,2011-02-01,2011,2,105,105,7204737.0,22.65099411816927,69.67482526488875
NSW,2011-03-01,2011,3,134,134,7204737.0,19.649225619045804,75.05857020983377
NSW,2011-04-01,2011,4,126,126,7218529.0,15.674179891977737,74.48936858957484
NSW,2011-05-01,2011,5,155,155,7218529.0,11.769696308302349,72.3923385561979
NSW,2011-06-01,2011,6,489,489,7218529.0,10.531913663364094,73.73586084769299
NSW,2011-07-01,2011,7,1752,1752,7239528.0,9.507698531395912,71.53074511152704
NSW,2011-08-01,2011,8,1434,1434,7239528.0,11.78969006652121,73.55594555548204
NSW,2011-09-01,2011,9,825,825,7239528.0,13.995237365742195,61.90567636112599
NSW,2011-10-01,2011,10,322,322,7258722.0,15.762893698011652,69.39643382477098
NSW,2011-11-01,2011,11,182,182,7258722.0,19.97706546691764,71.2483055903521
NSW,2011-12-01,2011,12,138,138,7258722.0,17.788468428851125,72.2881315201149
NSW,2012-01-01,2012,1,55,55,7284982.0,20.89629484399695,71.25646802806384
NSW,2012-02-01,2012,2,56,56,7284982.0,20.351637925844525,78.47237882806706
NSW,2012-03-01,2012,3,134,134,7284982.0,18.54999197134164,76.51834890247093
NSW,2012-04-01,2012,4,82,82,7304244.0,16.481229751094446,75.04277810853732
NSW,2012-05-01,2012,5,233,233,7304244.0,12.02278460353599,70.93422817145553
NSW,2012-06-01,2012,6,2064,2064,7304244.0,10.23974262356978,79.57271502648463
NSW,2012-07-01,2012,7,2233,2233,7327614.0,9.817894582611157,74.6389654340178
NSW,2012-08-01,2012,8,1837,1837,7327614.0,10.784648384112993,59.888631871235056
NSW,2012-09-01,2012,9,784,784,7327614.0,14.070603232964494,60.09458491130184
NSW,2012-10-01,2012,10,262,262,7353189.0,16.24642580434301,58.71861103032405
NSW,2012-11-01,2012,11,152,152,7353189.0,19.36222231980589,67.11504801889564
NSW,2012-12-01,2012,12,97,97,7353189.0,20.950600846259217,65.34079336112767
NSW,2013-01-01,2013,1,95,95,7382957.0,23.0679173078364,67.99493441985341
NSW,2013-02-01,2013,2,130,130,7382957.0,20.677910256228262,74.52056136897325
NSW,2013-03-01,2013,3,169,169,7382957.0,19.83511817762796,72.03436644645974
NSW,2013-04-01,2013,4,119,119,7404032.0,16.25630117104526,72.1778735115006
NSW,2013-05-01,2013,5,182,182,7404032.0,12.900985496568191,72.80041838039712
NSW,2013-06-01,2013,6,335,335,7404032.0,11.076584181332368,81.32984814914028
NSW,2013-07-01,2013,7,759,759,7430904.0,10.698734632121967,75.3278881222972
NSW,2013-08-01,2013,8,3331,3331,7430904.0,12.02166862024922,61.00727881840312
NSW,2013-09-01,2013,9,2124,2124,7430904.0,16.21313282587643,58.69209747793204
NSW,2013-10-01,2013,10,622,622,7454938.0,17.526802496140398,52.53322748241391
NSW,2013-11-01,2013,11,342,342,7454938.0,18.233766796670498,64.97714317108291
NSW,2013-12-01,2013,12,172,172,7454938.0,21.314576125608465,60.90322051609306
NSW,2014-01-01,2014,1,300,300,7487834.0,22.309704719119384,63.47403354561478
NSW,2014-02-01,2014,2,220,220,7487834.0,21.449416893586907,70.04686950248055
NSW,2014-03-01,2014,3,197,197,7487834.0,20.11149788713856,76.22089043541791
NSW,2014-04-01,2014,4,197,197,7508353.0,17.103752956579466,74.16368573581032
NSW,2014-05-01,2014,5,283,283,7508353.0,14.1550863648658,72.180951094164
NSW,2014-06-01,2014,6,494,494,7508353.0,11.44385434984522,74.51435362783323
NSW,2014-07-01,2014,7,2864,2864,7536277.0,10.220160965902297,67.2911127905099
NSW,2014-08-01,2014,8,11225,11225,7536277.0,10.746909027456091,74.13296685588503
NSW,2014-09-01,2014,9,3833,3833,7536277.0,14.014976932303789,64.86191946881246
NSW,2014-10-01,2014,10,832,832,7562171.0,17.883713431616993,60.08437242586303
NSW,2014-11-01,2014,11,210,210,7562171.0,20.45902099500274,63.35925816020958
NSW,2014-12-01,2014,12,214,214,7562171.0,21.449584571355533,67.72667394909737
NSW,2015-01-01,2015,1,366,366,7595731.0,22.15867122026329,70.72232257251702
NSW,2015-02-01,2015,2,350,350,7595731.0,21.34620198189473,74.35171581723982
NSW,2015-03-01,2015,3,402,402,7595731.0,19.91950478988974,68.1053188315523
NSW,2015-04-01,2015,4,364,364,7616168.0,16.13532768273922,76.60969053140899
NSW,2015-05-01,2015,5,486,486,7616168.0,13.24480406571106,73.38229985128072
NSW,2015-06-01,2015,6,926,926,7616168.0,10.447626638355302,78.99504928215534
NSW,2015-07-01,2015,7,3360,3360,7645324.0,9.108810848541063,73.02194143714905
NSW,2015-08-01,2015,8,11864,11864,7645324.0,11.200049409435332,67.99878165643452
NSW,2015-09-01,2015,9,9948,9948,7645324.0,13.266069530208505,68.01097976415562
NSW,2015-10-01,2015,10,1804,1804,7671401.0,18.90829797587127,64.2960503529661
NSW,2015-11-01,2015,11,284,284,7671401.0,20.07784637034421,67.98077205845578
NSW,2015-12-01,2015,12,152,152,7671401.0,21.03949016007029,64.50368729797016
NSW,2016-01-01,2016,1,334,334,7707412.0,21.74127946751089,70.02430262050156
NSW,2016-02-01,2016,2,579,579,7707412.0,22.347009227381623,68.48189281385702
NSW,2016-03-01,2016,3,662,662,7707412.0,21.01517755980549,71.34758846113812
NSW,2016-04-01,2016,4,874,874,7732858.0,18.26817445939245,72.60700418326725
NSW,2016-05-01,2016,5,621,621,7732858.0,14.409371254849702,65.59168763097254
NSW,2016-06-01,2016,6,999,999,7732858.0,11.384942578993188,74.09481191093411
NSW,2016-07-01,2016,7,4688,4688,7767915.0,11.038046403690174,73.30367360456833
NSW,2016-08-01,2016,8,11414,11414,7767915.0,11.272812468901902,70.6692140175709
NSW,2016-09-01,2016,9,11772,11772,7767915.0,13.992665378287112,69.33866995210725
NSW,2016-10-01,2016,10,2050,2050,7795625.0,16.025321482713547,57.41804820036658
NSW,2016-11-01,2016,11,930,930,7795625.0,19.71961887431576,59.59171859007949
NSW,2016-12-01,2016,12,640,640,7795625.0,22.806089040522856,62.872632948179344
NSW,2017-01-01,2017,1,668,668,7833463.0,24.331737325565182,65.03247286371395
NSW,2017-02-01,2017,2,699,699,7833463.0,23.535886212093363,65.63356173585468
NSW,2017-03-01,2017,3,962,962,7833463.0,20.58692099681292,77.82705171719178
NSW,2017-04-01,2017,4,523,523,7855316.0,15.98794130693441,71.93965304950964
NSW,2017-05-01,2017,5,871,871,7855316.0,13.277087943544345,74.40549794591327
NSW,2017-06-01,2017,6,3580,3580,7855316.0,10.953164405181557,79.34091211786088
NSW,2017-07-01,2017,7,14727,14727,7884752.0,10.160992618508494,63.57620796854778
NSW,2017-08-01,2017,8,43848,43848,7884752.0,11.258367807167732,58.39543578964968
NSW,2017-09-01,2017,9,33126,33126,7884752.0,15.10428146464548,47.93998237182478
NSW,2017-10-01,2017,10,3663,3663,7900946.0,17.845753030199493,67.33605196444188
NSW,2017-11-01,2017,11,625,625,7900946.0,18.387577246705643,69.06940538007677
NSW,2017-12-01,2017,12,506,506,7900946.0,22.59150456790378,65.63122949933096
NSW,2018-01-01,2018,1,1108,1108,7934688.0,23.538132865607352,62.00352127725544
NSW,2018-02-01,2018,2,1175,1175,7934688.0,22.15457973268332,64.00582385012898
NSW,2018-03-01,2018,3,1030,1030,7934688.0,20.70208799395631,69.28514972217017
NSW,2018-04-01,2018,4,433,433,7954476.0,19.10538629915636,67.18504767815925
NSW,2018-05-01,2018,5,393,393,7954476.0,13.477545054118496,65.37667121774676
NSW,2018-06-01,2018,6,676,676,7954476.0,10.623987737564452,74.8414933827827
NSW,2018-07-01,2018,7,1334,1334,7984525.0,10.55009441339487,59.1974633405216
NSW,2018-08-01,2018,8,3997,3997,7984525.0,11.16076238134094,57.20374089153596
NSW,2018-09-01,2018,9,3979,3979,7984525.0,13.750668791721235,62.95286952812977
NSW,2018-10-01,2018,10,1373,1373,8003564.0,16.879483638754536,72.16029344389251
NSW,2018-11-01,2018,11,1018,1018,8003564.0,19.26968357688905,61.62876444125165
NSW,2018-12-01,2018,12,950,950,8003564.0,22.493109467646537,64.22067785180191
NSW,2019-01-01,2019,1,1767,1767,8032991.0,25.39884028617553,67.4802079907259
NSW,2019-02-01,2019,2,2303,2303,8032991.0,22.17450498744345,65.04038920003536
NSW,2019-03-01,2019,3,3484,3484,8032991.0,20.85440540926567,70.40520306515943
NSW,2019-04-01,2019,4,3030,3030,8046748.0,17.757004171774117,71.06897982852487
NSW,2019-05-01,2019,5,8653,8653,8046748.0,13.844138695711028,67.52305158358101
NSW,2019-06-01,2019,6,22621,22621,8046748.0,11.19836769530468,75.4889144199112
NSW,2019-07-01,2019,7,29202,29202,8071350.0,11.076799165294537,66.34639156911476
NSW,2019-08-01,2019,8,29472,29472,8071350.0,11.260185604071202,59.730770665537975
NSW,2019-09-01,2019,9,11010,11010,8071350.0,14.485836004821527,59.24313044481986
NSW,2019-10-01,2019,10,2287,2287,8088361.0,17.797172914605333,56.23900811002304
NSW,2019-11-01,2019,11,1421,1421,8088361.0,20.52029448032059,50.82212354515914
NSW,2019-12-01,2019,12,1163,1163,8088361.0,22.79525369087044,53.71486163661235
NSW,2022-01-01,2022,1,12,12,8137688.0,22.08713888859088,76.80653507839561
NSW,2022-02-01,2022,2,21,21,8137688.0,20.644360336700203,74.82707220576368
NSW,2022-03-01,2022,3,270,270,8137688.0,19.38405000418468,80.42532705624113
NSW,2022-04-01,2022,4,3067,3067,8166704.0,16.900456361101348,78.49585980627424
NSW,2022-05-01,2022,5,24641,24641,8166704.0,13.700182602157549,79.59029327608366
NSW,2022-06-01,2022,6,64238,64238,8166704.0,9.841162251634122,72.9128288230422
NSW,2022-07-01,2022,7,18496,18496,8208590.0,10.25453766299196,77.02501338304323
NSW,2022-08-01,2022,8,2108,2108,8208590.0,11.656994203862329,72.46845351144822
NSW,2022-09-01,2022,9,660,660,8208590.0,13.30824827713466,73.49060681994186
NSW,2022-10-01,2022,10,517,517,8249295.0,16.109582195917106,74.86598265222783
NSW,2022-11-01,2022,11,678,678,8249295.0,16.77493160240757,64.30254954267974
NSW,2022-12-01,2022,12,1667,1667,8249295.0,18.71967462665846,64.33918876519748
NT,2008-01-01,2008,1,5,7,217912.0,29.56412083122177,65.80967962447349
NT,2008-02-01,2008,2,17,17,217912.0,27.737060069390928,72.0753493056964
NT,2008-03-01,2008,3,8,8,217912.0,27.40859152239709,67.01016433010923
NT,2008-04-01,2008,4,4,4,219874.0,25.432973265011483,53.488832384516016
NT,2008-05-01,2008,5,2,5,219874.0,22.988087945496357,49.45490087713755
NT,2008-06-01,2008,6,1,4,219874.0,21.85290375965749,56.02801381480617
NT,2008-07-01,2008,7,4,5,221464.0,20.746516831701488,48.3581068103627
NT,2008-08-01,2008,8,39,39,221464.0,22.082367177370827,45.18399720753719
NT,2008-09-01,2008,9,59,59,221464.0,26.146901737636725,54.97762469064565
NT,2008-10-01,2008,10,32,32,222526.0,28.796394187279255,51.61942412451038
NT,2008-11-01,2008,11,23,27,222526.0,29.25813211665331,63.347046239054485
NT,2008-12-01,2008,12,6,8,222526.0,28.56769298267564,69.71677529232034
NT,2009-01-01,2009,1,12,12,223922.0,28.284378782733103,73.34494396713714
NT,2009-02-01,2009,2,1,5,223922.0,27.75427881648965,71.01928285846991
NT,2009-03-01,2009,3,4,7,223922.0,28.42637384544598,60.07618842901302
NT,2009-04-01,2009,4,1,7,226027.0,27.19995080275588,58.05665819830385
NT,2009-05-01,2009,5,41,41,226027.0,24.040843312263465,56.102553456558944
NT,2009-06-01,2009,6,388,388,226027.0,21.728219354784983,57.489713243999375
NT,2009-07-01,2009,7,1242,1242,227255.0,21.19158579010845,51.80901765090309
NT,2009-08-01,2009,8,211,211,227255.0,23.735866087228963,54.44804361110663
NT,2009-09-01,2009,9,51,51,227255.0,26.693299289145653,53.965251775006855
NT,2009-10-01,2009,10,15,15,227783.0,27.677503998841857,49.59796354066967
NT,2009-11-01,2009,11,8,11,227783.0,29.34918743566172,55.66349218072132
NT,2009-12-01,2009,12,6,7,227783.0,28.95312547636448,65.6509438659931
NT,2010-01-01,2010,1,2,4,228600.0,28.245574411109363,72.54835604509151
NT,2010-02-01,2010,2,0,4,228600.0,28.80676144186469,70.55839661671692
NT,2010-03-01,2010,3,2,4,228600.0,27.8382443940538,67.07379920632863
NT,2010-04-01,2010,4,2,5,229778.0,26.684634912746205,71.41608234880326
NT,2010-05-01,2010,5,1,4,229778.0,24.84423659211908,67.4183259084559
NT,2010-06-01,2010,6,21,41,229778.0,21.656570818490277,54.58230123080714
NT,2010-07-01,2010,7,26,26,230460.0,23.21320959809352,59.914581586221146
NT,2010-08-01,2010,8,26,26,230460.0,23.04948810830895,54.47446947131596
NT,2010-09-01,2010,9,151,151,230460.0,26.129982116360765,62.36912422492749
NT,2010-10-01,2010,10,107,107,230299.0,26.838337326787403,63.78276538878536
NT,2010-11-01,2010,11,55,55,230299.0,27.75312993737284,62.46850934162258
NT,2010-12-01,2010,12,89,89,230299.0,28.032540600019928,69.65588750826912
NT,2011-01-01,2011,1,65,65,230224.0,28.01573302408917,73.67125836563896
NT,2011-02-01,2011,2,109,109,230224.0,26.93913603226525,79.0596236650886
NT,2011-03-01,2011,3,126,126,230224.0,26.14994664432917,80.7083271069722
NT,2011-04-01,2011,4,29,29,231292.0,24.92514344146024,67.10939672833098
NT,2011-05-01,2011,5,5,7,231292.0,21.61186085554443,56.96948163189988
NT,2011-06-01,2011,6,4,5,231292.0,18.643696080841124,56.26381237306529
NT,2011-07-01,2011,7,13,15,232581.0,21.11316755371434,56.57805907581916
NT,2011-08-01,2011,8,43,43,232581.0,21.97865298282371,51.85998714555285
NT,2011-09-01,2011,9,142,142,232581.0,24.847724871090303,52.22988363901748
NT,2011-10-01,2011,10,34,34,232952.0,28.03787021867584,58.92350835297178
NT,2011-11-01,2011,11,11,11,232952.0,28.13261646398276,65.73917450849726
NT,2011-12-01,2011,12,12,14,232952.0,28.84414696282865,66.7722845006478
NT,2012-01-01,2012,1,7,9,234275.0,28.991136890378435,66.24599034868578
NT,2012-02-01,2012,2,1,5,234275.0,28.369993532758407,66.66063860494526
NT,2012-03-01,2012,3,14,22,234275.0,26.676707988248477,73.22769993175797
NT,2012-04-01,2012,4,23,23,235915.0,25.795526478270705,62.88743246548186
NT,2012-05-01,2012,5,37,37,235915.0,23.01302691975121,54.95582695530484
NT,2012-06-01,2012,6,86,86,235915.0,19.673560403109946,52.82167408218825
NT,2012-07-01,2012,7,90,90,237517.0,20.468975533236456,48.83621822504116
NT,2012-08-01,2012,8,79,79,237517.0,21.65173450407089,50.78051279025182
NT,2012-09-01,2012,9,37,37,237517.0,25.583941337406515,53.13473533034012
NT,2012-10-01,2012,10,28,28,238728.0,28.01828066516152,52.64420461388829
NT,2012-11-01,2012,11,36,36,238728.0,29.699278643675463,58.64482893119628
NT,2012-12-01,2012,12,5,6,238728.0,29.94625806643787,61.4146260842535
NT,2013-01-01,2013,1,7,7,240107.0,30.021338031970732,64.24844313782326
NT,2013-02-01,2013,2,36,36,240107.0,28.994875944875453,66.13550031659582
NT,2013-03-01,2013,3,89,89,240107.0,28.22582248426186,69.6436789266892
NT,2013-04-01,2013,4,19,19,241722.0,26.777849735833428,58.17459786452721
NT,2013-05-01,2013,5,11,11,241722.0,25.169946579663023,63.71599651150672
NT,2013-06-01,2013,6,8,8,241722.0,22.90720630441137,55.05614895990777
NT,2013-07-01,2013,7,8,8,242301.0,22.087066658156512,52.52768516848329
NT,2013-08-01,2013,8,32,32,242301.0,23.074293457534385,52.02164837997786
NT,2013-09-01,2013,9,70,70,242301.0,26.682151702635,53.014328017409085
NT,2013-10-01,2013,10,57,57,242304.0,28.49671378484525,52.83339642092862
NT,2013-11-01,2013,11,57,57,242304.0,28.893509649610387,60.87517439765504
NT,2013-12-01,2013,12,76,76,242304.0,28.79783943666741,66.2843501945811
NT,2014-01-01,2014,1,98,98,242790.0,28.38131233502439,70.63190342529548
NT,2014-02-01,2014,2,125,125,242790.0,27.38758531610397,73.30810670600019
NT,2014-03-01,2014,3,29,29,242790.0,28.049064967894783,64.31988683219038
NT,2014-04-01,2014,4,29,29,242894.0,27.027405534156937,67.93653975922585
NT,2014-05-01,2014,5,10,10,242894.0,24.9987742294335,63.017664575337626
NT,2014-06-01,2014,6,12,12,242894.0,21.663529303322903,53.00941204644848
NT,2014-07-01,2014,7,31,31,243201.0,21.070677140933885,56.95269775471472
NT,2014-08-01,2014,8,186,186,243201.0,21.17489553253256,43.63793134025504
NT,2014-09-01,2014,9,183,183,243201.0,25.277897957940105,52.85708327463873
NT,2014-10-01,2014,10,64,64,242753.0,28.166765816443917,50.457076202906194
NT,2014-11-01,2014,11,18,18,242753.0,29.742949320303296,56.33359669351324
NT,2014-12-01,2014,12,33,33,242753.0,29.541141805026943,66.54266959610567
NT,2015-01-01,2015,1,23,23,243059.0,27.827822323004145,74.4082029724768
NT,2015-02-01,2015,2,7,7,243059.0,29.011001325142416,65.94272408032265
NT,2015-03-01,2015,3,11,11,243059.0,28.832785442672677,63.17233920454963
NT,2015-04-01,2015,4,17,17,244692.0,26.24733777045052,56.51859325171456
NT,2015-05-01,2015,5,17,17,244692.0,23.6343980332607,53.61535297894004
NT,2015-06-01,2015,6,15,15,244692.0,22.559375624273127,55.22427036291501
NT,2015-07-01,2015,7,42,42,244570.0,21.096974342617106,50.71443735568776
NT,2015-08-01,2015,8,117,117,244570.0,22.51120249291739,53.66734549058492
NT,2015-09-01,2015,9,172,172,244570.0,24.7991462920536,50.66285806411092
NT,2015-10-01,2015,10,126,126,244090.0,28.23141226977046,50.91036816290336
NT,2015-11-01,2015,11,91,91,244090.0,30.251902424342997,55.0285731676333
NT,2015-12-01,2015,12,41,41,244090.0,28.53548808754513,70.37606739815922
NT,2016-01-01,2016,1,33,33,244627.0,29.418515643015905,66.58665732954191
NT,2016-02-01,2016,2,23,23,244627.0,29.614076292960377,65.51370318927847
NT,2016-03-01,2016,3,14,14,244627.0,29.261452522459862,68.63303899930128
NT,2016-04-01,2016,4,27,27,245678.0,28.105073283672247,57.021362291169474
NT,2016-05-01,2016,5,17,17,245678.0,26.03459373546552,65.88671074944978
NT,2016-06-01,2016,6,10,10,245678.0,23.947992379817077,63.27362754457043
NT,2016-07-01,2016,7,35,38,246443.0,21.744710339616496,55.73364230615039
NT,2016-08-01,2016,8,81,81,246443.0,23.19730765922317,53.71845797638921
NT,2016-09-01,2016,9,251,251,246443.0,26.063973743170703,64.87201627950844
NT,2016-10-01,2016,10,106,106,246065.0,27.78086786430101,54.9001053253518
NT,2016-11-01,2016,11,36,36,246065.0,29.611467791864957,57.54236047017895
NT,2016-12-01,2016,12,69,69,246065.0,28.635011845036036,70.89842479236205
NT,2017-01-01,2017,1,75,75,246231.0,28.129563546012136,75.99111196114356
NT,2017-02-01,2017,2,236,236,246231.0,27.97820242583608,70.15814589084279
NT,2017-03-01,2017,3,162,162,246231.0,28.32804818466057,69.35280516762062
NT,2017-04-01,2017,4,30,30,247412.0,26.26377594024347,63.00625606894553
NT,2017-05-01,2017,5,24,24,247412.0,24.472324153534775,55.66670856601242
NT,2017-06-01,2017,6,27,27,247412.0,21.943109261198884,52.1061587165196
NT,2017-07-01,2017,7,59,59,247514.0,23.112878172901578,57.68344200811968
NT,2017-08-01,2017,8,263,263,247514.0,23.306959093067302,50.68822386408435
NT,2017-09-01,2017,9,367,367,247514.0,25.92495540947275,51.95308850433179
NT,2017-10-01,2017,10,153,153,246862.0,28.63257121414022,58.1489244682891
NT,2017-11-01,2017,11,46,46,246862.0,28.74732649372038,62.578604738601726
NT,2017-12-01,2017,12,30,30,246862.0,29.66408049779301,60.99929961812042
NT,2018-01-01,2018,1,36,36,246674.0,28.341842454849232,72.41579203267571
NT,2018-02-01,2018,2,19,19,246674.0,28.389717348277337,71.42488204808697
NT,2018-03-01,2018,3,35,35,246674.0,28.066062309582207,67.66067121461637
NT,2018-04-01,2018,4,9,12,247095.0,27.48181939559987,58.87482491377456
NT,2018-05-01,2018,5,15,15,247095.0,23.72331033705322,49.17966856558228
NT,2018-06-01,2018,6,9,10,247095.0,21.795082265741108,51.79020230812564
NT,2018-07-01,2018,7,5,7,247006.0,22.014542755117866,52.488315781195176
NT,2018-08-01,2018,8,18,23,247006.0,22.562465046283517,49.35363029045456
NT,2018-09-01,2018,9,31,31,247006.0,25.805332019095395,52.410541675675454
NT,2018-10-01,2018,10,33,33,245920.0,28.640792275782054,56.26790730846005
NT,2018-11-01,2018,11,341,341,245920.0,29.202313267944383,62.3213699417346
NT,2018-12-01,2018,12,629,629,245920.0,30.753223235343217,60.50393444637763
NT,2019-01-01,2019,1,129,129,246016.0,30.08466535938041,65.60832299696997
NT,2019-02-01,2019,2,70,70,246016.0,29.55393082286597,63.13195140692537
NT,2019-03-01,2019,3,111,111,246016.0,29.062861007277352,63.14809527249801
NT,2019-04-01,2019,4,267,267,246559.0,26.772717053007867,61.816383457757794
NT,2019-05-01,2019,5,267,267,246559.0,24.255200157466668,56.817355132937536
NT,2019-06-01,2019,6,142,142,246559.0,21.3051950357068,49.244695415784605
NT,2019-07-01,2019,7,143,143,246677.0,21.4810654338929,51.38385412118723
NT,2019-08-01,2019,8,155,155,246677.0,22.16936305839767,46.01534412232272
NT,2019-09-01,2019,9,129,129,246677.0,24.897668444689064,50.228483592505846
NT,2019-10-01,2019,10,78,78,246213.0,28.30813906432001,51.63691949945515
NT,2019-11-01,2019,11,79,79,246213.0,29.619615237048784,53.03975580024806
NT,2019-12-01,2019,12,175,175,246213.0,31.327427519695213,54.759224108809406
NT,2022-01-01,2022,1,0,2,249525.0,28.904822225786177,72.30679079405233
NT,2022-02-01,2022,2,1,4,249525.0,27.75959268225472,70.96976765931933
NT,2022-03-01,2022,3,1,6,249525.0,28.87485216967611,65.33087578817992
NT,2022-04-01,2022,4,110,110,250228.0,27.656266074292468,63.47465799844487
NT,2022-05-01,2022,5,1827,1827,250228.0,25.20788961168651,59.95821498879144
NT,2022-06-01,2022,6,2493,2493,250228.0,22.615789967508498,54.944652106375216
NT,2022-07-01,2022,7,279,279,250704.0,19.48936555821751,51.40291260579146
NT,2022-08-01,2022,8,19,19,250704.0,23.30405280288739,52.8555326369796
NT,2022-09-01,2022,9,11,11,250704.0,26.669872488132555,59.20492675583016
NT,2022-10-01,2022,10,11,11,251248.0,28.44262210466491,61.93169513623624
NT,2022-11-01,2022,11,6,8,251248.0,28.21686115953186,65.07237197831401
NT,2022-12-01,2022,12,37,37,251248.0,28.68879378728895,67.26598680191694
QLD,2008-01-01,2008,1,56,56,4191479.0,24.064853127840284,77.49965401353826
QLD,2008-02-01,2008,2,89,89,4191479.0,23.510333389832237,76.707168732115
QLD,2008-03-01,2008,3,66,66,4191479.0,21.579998104607625,71.67452759925422
QLD,2008-04-01,2008,4,81,81,4219505.0,19.065080684781737,68.79997772930717
QLD,2008-05-01,2008,5,103,103,4219505.0,16.69673526683851,69.18415730436662
QLD,2008-06-01,2008,6,108,108,4219505.0,15.830957683041357,76.36986282868128
QLD,2008-07-01,2008,7,170,170,4247991.0,14.084132849444584,71.50291214352814
QLD,2008-08-01,2008,8,1397,1397,4247991.0,14.058418010809705,59.81061982857693
QLD,2008-09-01,2008,9,1219,1219,4247991.0,18.757655211738363,70.79106172264136
QLD,2008-10-01,2008,10,351,351,4275551.0,20.25160418359335,66.48469673372801
QLD,2008-11-01,2008,11,28,28,4275551.0,22.899512045598502,70.59111540241713
QLD,2008-12-01,2008,12,34,34,4275551.0,24.898295341474643,67.42140205225569
QLD,2009-01-01,2009,1,52,52,4305605.0,24.43011563237078,72.14536151218529
QLD,2009-02-01,2009,2,36,36,4305605.0,24.35080025202446,75.60396932161805
QLD,2009-03-01,2009,3,25,25,4305605.0,23.21779985104705,71.41465463906415
QLD,2009-04-01,2009,4,28,28,4328771.0,20.866916467447453,72.4194175909084
QLD,2009-05-01,2009,5,325,325,4328771.0,17.24316250561403,73.86805434962497
QLD,2009-06-01,2009,6,1894,1894,4328771.0,14.939623588786578,75.75273407318701
QLD,2009-07-01,2009,7,12420,12420,4350135.0,14.05346876507388,67.7898338668841
QLD,2009-08-01,2009,8,2798,2798,4350135.0,17.33840676131068,65.3278207607857
QLD,2009-09-01,2009,9,463,463,4350135.0,18.9076535696863,61.10303946125807
QLD,2009-10-01,2009,10,147,147,4367454.0,20.704086137755155,59.21394219987215
QLD,2009-11-01,2009,11,77,77,4367454.0,23.712240343009736,65.9277381712464
QLD,2009-12-01,2009,12,56,56,4367454.0,24.75045804967395,70.13317509815725
QLD,2010-01-01,2010,1,37,37,4387801.0,25.193863734128687,69.62014058471559
QLD,2010-02-01,2010,2,55,55,4387801.0,24.491579343527484,76.83737507331942
QLD,2010-03-01,2010,3,71,71,4387801.0,22.84577790127897,77.16281647952414
QLD,2010-04-01,2010,4,100,100,4404744.0,21.28692644200964,75.01048415109751
QLD,2010-05-01,2010,5,70,70,4404744.0,17.208828834078197,72.2433987587585
QLD,2010-06-01,2010,6,83,83,4404744.0,15.069606971344106,71.91145988850242
QLD,2010-07-01,2010,7,231,231,4421470.0,15.402792434777966,75.18534515318403
QLD,2010-08-01,2010,8,457,457,4421470.0,15.179162090744567,66.35905892818614
QLD,2010-09-01,2010,9,684,684,4421470.0,19.0397823250164,73.21311344095459
QLD,2010-10-01,2010,10,526,526,4436882.0,19.57458607517377,73.86315411324566
QLD,2010-11-01,2010,11,356,356,4436882.0,21.42175259909417,72.45392154883889
QLD,2010-12-01,2010,12,545,545,4436882.0,23.18064188674733,80.87332734747342
QLD,2011-01-01,2011,1,385,385,4457971.0,24.05538711074577,77.07754195304919
QLD,2011-02-01,2011,2,364,364,4457971.0,24.405190153872663,76.7044499889023
QLD,2011-03-01,2011,3,410,410,4457971.0,23.08459851067064,76.75244742964301
QLD,2011-04-01,2011,4,381,381,4476778.0,20.036233885774426,77.12588759191367
QLD,2011-05-01,2011,5,269,269,4476778.0,15.972856279316431,72.05210910852227
QLD,2011-06-01,2011,6,810,810,4476778.0,13.871411843233616,71.92832194758621
QLD,2011-07-01,2011,7,2623,2623,4498104.0,13.287801276426556,66.42099172712872
QLD,2011-08-01,2011,8,3218,3218,4498104.0,15.390658409085344,70.72333981251273
QLD,2011-09-01,2011,9,1283,1283,4498104.0,17.232941802164486,63.36993514443443
QLD,2011-10-01,2011,10,345,345,4518649.0,19.782828222916788,70.9968521285422
QLD,2011-11-01,2011,11,150,150,4518649.0,23.469858173427788,69.35574708441251
QLD,2011-12-01,2011,12,136,136,4518649.0,22.36485572265629,70.8067543761522
QLD,2012-01-01,2012,1,88,88,4545613.0,23.97769457816108,73.92357808247324
QLD,2012-02-01,2012,2,112,112,4545613.0,24.03058944694241,75.53354369859963
QLD,2012-03-01,2012,3,194,194,4545613.0,22.536918691069893,75.52084428384944
QLD,2012-04-01,2012,4,154,154,4568687.0,20.23675848743788,74.2732452189566
QLD,2012-05-01,2012,5,255,255,4568687.0,16.577408287283724,71.38126213003324
QLD,2012-06-01,2012,6,1328,1328,4568687.0,14.757729497162591,75.85129051474222
QLD,2012-07-01,2012,7,3916,3916,4592100.0,14.29060104487078,71.9018497307175
QLD,2012-08-01,2012,8,8075,8075,4592100.0,14.934414681208144,59.62201769669939
QLD,2012-09-01,2012,9,1925,1925,4592100.0,18.17589122107383,65.05124037711944
QLD,2012-10-01,2012,10,410,410,4611304.0,20.272183121707915,62.356120317174216
QLD,2012-11-01,2012,11,265,265,4611304.0,22.6070098023371,66.70146620663111
QLD,2012-12-01,2012,12,108,108,4611304.0,24.571847717867147,64.83900739008816
QLD,2013-01-01,2013,1,211,211,4634430.0,25.52142770123508,71.14935802816824
QLD,2013-02-01,2013,2,238,238,4634430.0,23.26188485576105,74.33125944373973
QLD,2013-03-01,2013,3,354,354,4634430.0,22.638281612981643,75.91283230965126
QLD,2013-04-01,2013,4,198,198,4652824.0,20.068942108066093,74.39084075977343
QLD,2013-05-01,2013,5,253,253,4652824.0,16.984964807305808,72.38202455387083
QLD,2013-06-01,2013,6,190,190,4652824.0,14.956243278542097,75.54818872727998
QLD,2013-07-01,2013,7,370,370,4670784.0,15.4786936166149,77.68081810781925
QLD,2013-08-01,2013,8,1180,1180,4670784.0,16.096073490454238,62.14188513249482
QLD,2013-09-01,2013,9,995,995,4670784.0,19.896084869919783,65.49542834402358
QLD,2013-10-01,2013,10,560,560,4685439.0,21.48389508657296,62.92841486177197
QLD,2013-11-01,2013,11,577,577,4685439.0,22.54020395488445,67.56195337143559
QLD,2013-12-01,2013,12,357,357,4685439.0,23.811380489666,64.4426112161293
QLD,2014-01-01,2014,1,486,486,4705187.0,24.8990451459452,67.14382617786222
QLD,2014-02-01,2014,2,386,386,4705187.0,24.30500467525886,69.43092847818451
QLD,2014-03-01,2014,3,448,448,4705187.0,23.225948106113968,72.85381048817283
QLD,2014-04-01,2014,4,362,362,4719653.0,21.26781365156345,73.14073886696639
QLD,2014-05-01,2014,5,531,531,4719653.0,17.928184812225492,72.5787449154761
QLD,2014-06-01,2014,6,569,569,4719653.0,15.715239298605786,71.826839024248
QLD,2014-07-01,2014,7,1867,1867,4734613.0,13.590561238645556,63.85412388845759
QLD,2014-08-01,2014,8,7593,7593,4734613.0,15.55054845004677,68.61718810665079
QLD,2014-09-01,2014,9,3797,3797,4734613.0,17.975128033189172,62.53848909600568
QLD,2014-10-01,2014,10,1185,1185,4747263.0,21.23287178141508,62.05939152099311
QLD,2014-11-01,2014,11,301,301,4747263.0,24.26051421431208,65.8051255422102
QLD,2014-12-01,2014,12,339,339,4747263.0,24.726466294404453,71.04679371520562
QLD,2015-01-01,2015,1,587,587,4764439.0,25.21073774130928,73.4407065400039
QLD,2015-02-01,2015,2,378,378,4764439.0,24.10447396287825,72.88987573433725
QLD,2015-03-01,2015,3,475,475,4764439.0,24.43025512283404,71.02778646667203
QLD,2015-04-01,2015,4,567,567,4777692.0,20.2186309850132,70.03908683891483
QLD,2015-05-01,2015,5,854,854,4777692.0,17.679428140962592,71.57639338773424
QLD,2015-06-01,2015,6,1054,1054,4777692.0,15.861705586587478,75.640151780868
QLD,2015-07-01,2015,7,3889,3889,4791520.0,14.112836834791128,70.4233118839582
QLD,2015-08-01,2015,8,11145,11145,4791520.0,15.826525392219851,66.81230390069605
QLD,2015-09-01,2015,9,7086,7086,4791520.0,17.574594097483914,65.54603581104357
QLD,2015-10-01,2015,10,1503,1503,4804933.0,20.669156353533037,67.88676859139092
QLD,2015-11-01,2015,11,360,360,4804933.0,23.7732605025066,70.92805219147517
QLD,2015-12-01,2015,12,243,243,4804933.0,23.473828905999408,68.98241500895915
QLD,2016-01-01,2016,1,358,358,4826538.0,24.703686504806477,69.66688818950202
QLD,2016-02-01,2016,2,697,697,4826538.0,25.286805715581604,70.6937075409686
QLD,2016-03-01,2016,3,1049,1049,4826538.0,23.795143028969783,75.4796253601573
QLD,2016-04-01,2016,4,949,949,4845152.0,22.02651113653367,72.07543335156369
QLD,2016-05-01,2016,5,598,598,4845152.0,19.23668595417316,67.41033415818704
QLD,2016-06-01,2016,6,626,626,4845152.0,15.902142033047877,72.68743519049607
QLD,2016-07-01,2016,7,2229,2229,4865303.0,15.537940634585548,70.59056150739671
QLD,2016-08-01,2016,8,6062,6062,4865303.0,15.905613516762909,70.35038720898277
QLD,2016-09-01,2016,9,6730,6730,4865303.0,18.86472959580532,68.96910981693809
QLD,2016-10-01,2016,10,2077,2077,4882939.0,20.163710336431592,61.69745981116656
QLD,2016-11-01,2016,11,959,959,4882939.0,23.38913636823075,62.77438173659168
QLD,2016-12-01,2016,12,947,947,4882939.0,24.907896713647546,68.34556897296123
QLD,2017-01-01,2017,1,861,861,4906370.0,25.927951424587224,71.4206444761779
QLD,2017-02-01,2017,2,982,982,4906370.0,25.978922180825357,66.67353686231881
QLD,2017-03-01,2017,3,1128,1128,4906370.0,24.527307294235804,75.80706448816363
QLD,2017-04-01,2017,4,608,608,4926380.0,19.951943174325063,69.48775157071721
QLD,2017-05-01,2017,5,736,736,4926380.0,18.180675167196146,75.64556803052851
QLD,2017-06-01,2017,6,1978,1978,4926380.0,15.907578918381398,73.3993415346559
QLD,2017-07-01,2017,7,5106,5106,4945129.0,15.158176659861573,68.29976998894648
QLD,2017-08-01,2017,8,19920,19920,4945129.0,16.42446910951817,58.3135113187409
QLD,2017-09-01,2017,9,20129,20129,4945129.0,19.727815387757392,57.39251733146304
QLD,2017-10-01,2017,10,3150,3150,4960965.0,21.5197127417545,75.30615230913054
QLD,2017-11-01,2017,11,1069,1069,4960965.0,21.360377130028027,70.35592803247931
QLD,2017-12-01,2017,12,939,939,4960965.0,24.515102548968777,69.62190596316144
QLD,2018-01-01,2018,1,942,942,4985955.0,25.29467845435872,67.38236799265596
QLD,2018-02-01,2018,2,1048,1048,4985955.0,24.570431697979505,73.74424206683923
QLD,2018-03-01,2018,3,1346,1346,4985955.0,23.52631475482157,76.70041034007892
QLD,2018-04-01,2018,4,690,690,5006623.0,21.34704933991203,72.73603732823578
QLD,2018-05-01,2018,5,493,493,5006623.0,17.52740250599226,68.19936726976101
QLD,2018-06-01,2018,6,649,649,5006623.0,14.953900174568052,69.88571038393259
QLD,2018-07-01,2018,7,864,864,5027543.0,14.9572317502068,67.1742069324299
QLD,2018-08-01,2018,8,2259,2259,5027543.0,15.330196645527684,56.522897060348335
QLD,2018-09-01,2018,9,2385,2385,5027543.0,18.06760138503508,66.73332333060083
QLD,2018-10-01,2018,10,1456,1456,5046434.0,20.691901161016823,75.09622016677287
QLD,2018-11-01,2018,11,1578,1578,5046434.0,23.48643539303553,60.07188567941575
QLD,2018-12-01,2018,12,1907,1907,5046434.0,24.340971193641384,69.61445889552478
QLD,2019-01-01,2019,1,1807,1807,5070306.0,25.42192389610713,67.99905804348217
QLD,2019-02-01,2019,2,1974,1974,5070306.0,25.0661940006203,67.39614732244947
QLD,2019-03-01,2019,3,2993,2993,5070306.0,24.47842992416632,75.44019397301459
QLD,2019-04-01,2019,4,2743,2743,5088847.0,20.984392959642765,74.15669355828189
QLD,2019-05-01,2019,5,3707,3707,5088847.0,17.826116132515654,69.32968411596379
QLD,2019-06-01,2019,6,8285,8285,5088847.0,15.589653540925973,73.47718754975932
QLD,2019-07-01,2019,7,11743,11743,5110540.0,15.13582967979265,67.52618184888914
QLD,2019-08-01,2019,8,21901,21901,5110540.0,15.93948073711396,61.38268900170606
QLD,2019-09-01,2019,9,9867,9867,5110540.0,18.835816981333288,57.44535886757178
QLD,2019-10-01,2019,10,1791,1791,5129741.0,20.74927570659719,65.51873708600016
QLD,2019-11-01,2019,11,787,787,5129741.0,23.86116973745698,59.76371085978318
QLD,2019-12-01,2019,12,584,584,5129741.0,25.532019877506045,61.62722406519642
QLD,2022-01-01,2022,1,3,6,5294256.0,24.50332902111592,75.30914925835754
QLD,2022-02-01,2022,2,1,5,5294256.0,23.6143367784128,75.79612687778365
QLD,2022-03-01,2022,3,15,15,5294256.0,23.463157574510195,76.22364236399538
QLD,2022-04-01,2022,4,839,839,5320941.0,21.16036402638817,77.03384343386429
QLD,2022-05-01,2022,5,11939,11939,5320941.0,19.15116686360269,82.64802865827461
QLD,2022-06-01,2022,6,19477,19477,5320941.0,14.094262738599644,72.04559651087195
QLD,2022-07-01,2022,7,8396,8396,5351935.0,13.534123391390432,75.2675698814361
QLD,2022-08-01,2022,8,1332,1332,5351935.0,15.184846102060188,72.14991238465859
QLD,2022-09-01,2022,9,615,615,5351935.0,18.04948828759912,71.77880806375084
QLD,2022-10-01,2022,10,229,229,5386914.0,20.536335623428844,73.86206049533382
QLD,2022-11-01,2022,11,451,451,5386914.0,21.579055484321863,63.55509400946708
QLD,2022-12-01,2022,12,1141,1141,5386914.0,22.596271915476308,69.80882829093613
SA,2008-01-01,2008,1,0,0,1584408.0,21.95109813523164,53.33446580529141
SA,2008-02-01,2008,2,0,0,1584408.0,19.69255086406462,54.385723712191016
SA,2008-03-01,2008,3,0,3,1584408.0,22.0461283401074,43.2270155957708
SA,2008-04-01,2008,4,1,4,1588665.0,15.783011407093843,57.83813698544119
SA,2008-05-01,2008,5,9,11,1588665.0,13.133748770495966,73.24115706989984
SA,2008-06-01,2008,6,5,7,1588665.0,11.57304980987392,75.5812295101756
SA,2008-07-01,2008,7,11,13,1593725.0,9.7018999092587,74.52374114753083
SA,2008-08-01,2008,8,50,50,1593725.0,9.183002581394316,76.32778869869271
SA,2008-09-01,2008,9,173,173,1593725.0,13.229165916927764,60.209956893746
SA,2008-10-01,2008,10,154,154,1597880.0,16.283756226190956,54.066057578698576
SA,2008-11-01,2008,11,60,60,1597880.0,17.779403197772,55.858631198290965
SA,2008-12-01,2008,12,10,12,1597880.0,18.837825887548995,60.27579285334417
SA,2009-01-01,2009,1,10,14,1604142.0,22.9196666778501,45.56477966551264
SA,2009-02-01,2009,2,4,8,1604142.0,22.108033122127807,49.88554241116989
SA,2009-03-01,2009,3,10,10,1604142.0,19.15309142445173,58.07204147418851
SA,2009-04-01,2009,4,20,20,1608902.0,15.878213236452533,64.26399301820287
SA,2009-05-01,2009,5,256,256,1608902.0,12.689235036883542,78.83398759393022
SA,2009-06-01,2009,6,999,999,1608902.0,11.001722788325717,79.87638111566767
SA,2009-07-01,2009,7,4845,4845,1614593.0,10.730388229843411,76.96833723419475
SA,2009-08-01,2009,8,3702,3702,1614593.0,12.087092419066016,71.09596168994558
SA,2009-09-01,2009,9,715,715,1614593.0,13.062067054716035,66.69923419632462
SA,2009-10-01,2009,10,135,135,1618578.0,14.569004009096387,63.37836846741803
SA,2009-11-01,2009,11,57,57,1618578.0,21.87050414338473,50.3025152622859
SA,2009-12-01,2009,12,19,25,1618578.0,20.764653620737494,51.61475829224205
SA,2010-01-01,2010,1,12,12,1624033.0,22.45475496518604,47.88788778236414
SA,2010-02-01,2010,2,13,13,1624033.0,22.876388454869197,53.01575460536566
SA,2010-03-01,2010,3,7,8,1624033.0,20.1014989985497,56.81396518006647
SA,2010-04-01,2010,4,17,17,1627322.0,17.40081437131789,65.93544164564541
SA,2010-05-01,2010,5,10,10,1627322.0,13.16691765024252,70.3501556359067
SA,2010-06-01,2010,6,24,24,1627322.0,10.041820470580545,79.5695173765923
SA,2010-07-01,2010,7,124,124,1630230.0,9.379842323685914,80.86025072963209
SA,2010-08-01,2010,8,493,493,1630230.0,9.92940540674547,75.05437192292136
SA,2010-09-01,2010,9,2199,2199,1630230.0,11.15793934518719,76.62264185851728
SA,2010-10-01,2010,10,1126,1126,1632482.0,14.367562864938437,64.36507429316507
SA,2010-11-01,2010,11,188,188,1632482.0,17.275812863002518,62.42875741439643
SA,2010-12-01,2010,12,47,47,1632482.0,19.53017592040069,58.09575547607378
SA,2011-01-01,2011,1,80,80,1636759.0,22.58452087853103,55.46045351358479
SA,2011-02-01,2011,2,51,51,1636759.0,21.1766104052405,62.6927680277931
SA,2011-03-01,2011,3,51,51,1636759.0,17.834095727412794,69.96239699363242
SA,2011-04-01,2011,4,88,88,1639614.0,15.759468491798891,66.92020772767789
SA,2011-05-01,2011,5,175,175,1639614.0,12.093077374900233,72.79702506376384
SA,2011-06-01,2011,6,554,554,1639614.0,10.788436887764108,76.52300850296207
SA,2011-07-01,2011,7,1086,1086,1643402.0,9.976396597402369,76.70245782405561
SA,2011-08-01,2011,8,1076,1076,1643402.0,11.555879378731978,75.05529274364325
SA,2011-09-01,2011,9,1099,1099,1643402.0,13.33781093357113,61.96002098873255
SA,2011-10-01,2011,10,329,329,1647183.0,15.37564424150371,65.71649845763542
SA,2011-11-01,2011,11,104,104,1647183.0,19.03992880296509,57.97319174577999
SA,2011-12-01,2011,12,44,44,1647183.0,20.23285989465151,54.13746014328409
SA,2012-01-01,2012,1,24,24,1652716.0,22.47937488693736,51.813929551143545
SA,2012-02-01,2012,2,36,36,1652716.0,20.88978772177569,57.53824530548571
SA,2012-03-01,2012,3,87,87,1652716.0,18.77739950900076,60.98475154968656
SA,2012-04-01,2012,4,68,68,1656725.0,16.92004106025714,59.13342276834327
SA,2012-05-01,2012,5,108,108,1656725.0,12.306231895846398,72.42845678163869
SA,2012-06-01,2012,6,1327,1327,1656725.0,10.04368692950188,77.71103433824561
SA,2012-07-01,2012,7,1907,1907,1660198.0,9.487783019444151,79.86837194060527
SA,2012-08-01,2012,8,1457,1457,1660198.0,10.395318179391907,73.44592242664963
SA,2012-09-01,2012,9,404,404,1660198.0,12.86105126178276,63.77310099575273
SA,2012-10-01,2012,10,228,228,1663082.0,15.673341705147523,55.03303883819133
SA,2012-11-01,2012,11,397,397,1663082.0,19.408546484287317,51.640630272825234
SA,2012-12-01,2012,12,235,235,1663082.0,20.455867304095968,51.68113341396267
SA,2013-01-01,2013,1,127,127,1668056.0,21.678218779557177,50.47159557062759
SA,2013-02-01,2013,2,80,80,1668056.0,22.206542858287296,55.44532371417223
SA,2013-03-01,2013,3,127,127,1668056.0,21.1390438525266,54.81266355078785
SA,2013-04-01,2013,4,90,90,1671488.0,16.72376162601614,62.80791888081332
SA,2013-05-01,2013,5,159,159,1671488.0,14.533715872478048,67.79646676840979
SA,2013-06-01,2013,6,171,171,1671488.0,10.647330958653066,83.83603306727136
SA,2013-07-01,2013,7,358,358,1675313.0,10.546443584539722,78.84509817383487
SA,2013-08-01,2013,8,1101,1101,1675313.0,11.889957643183411,75.18628029528494
SA,2013-09-01,2013,9,901,901,1675313.0,15.162792366128036,67.27635814937011
SA,2013-10-01,2013,10,590,590,1678052.0,15.306188534184813,56.67328430994701
SA,2013-11-01,2013,11,749,749,1678052.0,17.14303824622457,53.60517048284485
SA,2013-12-01,2013,12,364,364,1678052.0,20.45127739621492,51.93582579407609
SA,2014-01-01,2014,1,217,217,1683544.0,23.16903631327197,49.51530376390221
SA,2014-02-01,2014,2,129,129,1683544.0,21.819952884799893,54.79918619822818
SA,2014-03-01,2014,3,157,157,1683544.0,19.53792858783887,60.56878635124241
SA,2014-04-01,2014,4,125,125,1686945.0,16.313819607368956,68.92069327596623
SA,2014-05-01,2014,5,138,138,1686945.0,14.652368890047464,72.3817921447907
SA,2014-06-01,2014,6,244,244,1686945.0,11.334803182423414,82.07504915444768
SA,2014-07-01,2014,7,686,686,1690133.0,10.031488724192874,77.9393517738544
SA,2014-08-01,2014,8,4092,4092,1690133.0,9.830006982189914,71.34092766225159
SA,2014-09-01,2014,9,3758,3758,1690133.0,13.38807549234417,64.17940478346162
SA,2014-10-01,2014,10,1083,1083,1693107.0,17.145907416102474,55.52934801248144
SA,2014-11-01,2014,11,317,317,1693107.0,19.24853614588276,50.713369953641006
SA,2014-12-01,2014,12,102,102,1693107.0,19.471510327820404,58.55117176344539
SA,2015-01-01,2015,1,152,152,1698433.0,21.0071923185782,59.218310844996765
SA,2015-02-01,2015,2,223,223,1698433.0,22.8459174243126,49.435645131709975
SA,2015-03-01,2015,3,379,379,1698433.0,18.25340503156997,58.66443260300857
SA,2015-04-01,2015,4,470,470,1700668.0,14.12600253975319,70.04497442683378
SA,2015-05-01,2015,5,559,559,1700668.0,12.597043815928448,76.47382669800001
SA,2015-06-01,2015,6,904,904,1700668.0,10.349233655501813,77.33130653571197
SA,2015-07-01,2015,7,2819,2819,1703703.0,9.262293869005669,76.56982686359038
SA,2015-08-01,2015,8,4984,4984,1703703.0,10.135980232540293,77.11876961863345
SA,2015-09-01,2015,9,3842,3842,1703703.0,12.065131946802255,67.46515129278363
SA,2015-10-01,2015,10,1153,1153,1705937.0,18.86038285257356,50.57670408939232
SA,2015-11-01,2015,11,126,126,1705937.0,18.853255272113657,56.7511956279687
SA,2015-12-01,2015,12,60,60,1705937.0,23.38900192536821,41.15635220379976
SA,2016-01-01,2016,1,103,103,1710334.0,22.316730463831043,53.84273444227209
SA,2016-02-01,2016,2,133,133,1710334.0,20.968342889940445,59.41772666434144
SA,2016-03-01,2016,3,177,177,1710334.0,20.446253803863527,62.13583961697572
SA,2016-04-01,2016,4,305,305,1712843.0,17.019262410261213,61.65217367220057
SA,2016-05-01,2016,5,112,112,1712843.0,14.357949923757367,73.05240421979563
SA,2016-06-01,2016,6,96,96,1712843.0,10.76778291005096,80.61995233519127
SA,2016-07-01,2016,7,411,411,1717275.0,10.24621751653448,80.05872435885118
SA,2016-08-01,2016,8,1165,1165,1717275.0,10.88505015598019,71.64513003166938
SA,2016-09-01,2016,9,2419,2419,1717275.0,11.42255938623138,75.16668806645772
SA,2016-10-01,2016,10,1352,1352,1719580.0,14.090613269184717,61.40528926755497
SA,2016-11-01,2016,11,1065,1065,1719580.0,16.50171314777648,60.20674988181992
SA,2016-12-01,2016,12,541,541,1719580.0,20.42266267344971,55.44032705709451
SA,2017-01-01,2017,1,284,284,1725253.0,22.32991107894012,57.145842614005545
SA,2017-02-01,2017,2,334,334,1725253.0,20.87459383120356,59.96976747599052
SA,2017-03-01,2017,3,320,320,1725253.0,21.181218643625897,59.191351260242136
SA,2017-04-01,2017,4,234,234,1728673.0,16.513031960928018,64.97368150011536
SA,2017-05-01,2017,5,470,470,1728673.0,12.53115037297866,70.72549147775696
SA,2017-06-01,2017,6,1400,1400,1728673.0,9.546104542390715,77.77099570542691
SA,2017-07-01,2017,7,2871,2871,1733055.0,10.668901248376436,74.05027646836045
SA,2017-08-01,2017,8,6031,6031,1733055.0,10.463834380808082,72.31341538741036
SA,2017-09-01,2017,9,12458,12458,1733055.0,12.996643361851518,66.07187264078694
SA,2017-10-01,2017,10,2960,2960,1735654.0,16.19805437213875,60.92313811671264
SA,2017-11-01,2017,11,756,756,1735654.0,20.38518173936752,53.67014167501184
SA,2017-12-01,2017,12,360,360,1735654.0,20.05578736862154,56.91898750362393
SA,2018-01-01,2018,1,333,333,1742255.0,23.1207309856858,50.9911563470861
SA,2018-02-01,2018,2,349,349,1742255.0,22.57816342196492,52.936864792610464
SA,2018-03-01,2018,3,382,382,1742255.0,19.68147171024572,56.99762790206077
SA,2018-04-01,2018,4,181,181,1746137.0,18.706591384427465,58.957363787405136
SA,2018-05-01,2018,5,104,104,1746137.0,13.145026906369496,71.07227256323442
SA,2018-06-01,2018,6,120,120,1746137.0,9.86429427496945,74.20504851738646
SA,2018-07-01,2018,7,164,164,1751849.0,10.937391377685488,68.59896616971423
SA,2018-08-01,2018,8,384,384,1751849.0,11.373216657419546,65.15324884483945
SA,2018-09-01,2018,9,1089,1089,1751849.0,11.720106750253915,61.906388848521736
SA,2018-10-01,2018,10,1063,1063,1755715.0,16.49123633432764,56.539297243588784
SA,2018-11-01,2018,11,1161,1161,1755715.0,17.076580213248,58.07313016566453
SA,2018-12-01,2018,12,557,557,1755715.0,21.732131455458,54.41906648630215
SA,2019-01-01,2019,1,420,420,1762889.0,24.02057998709957,47.8098516168924
SA,2019-02-01,2019,2,764,764,1762889.0,21.67287274864353,51.49049196480141
SA,2019-03-01,2019,3,2775,2775,1762889.0,19.71707311607539,57.99999788482771
SA,2019-04-01,2019,4,6265,6265,1767395.0,17.385695278434977,53.330154107540885
SA,2019-05-01,2019,5,8016,8016,1767395.0,12.910949803560612,72.39458624013416
SA,2019-06-01,2019,6,2262,2262,1767395.0,10.32803517587438,72.31587014668443
SA,2019-07-01,2019,7,1605,1605,1774006.0,10.884098595117882,79.31266336303662
SA,2019-08-01,2019,8,1647,1647,1774006.0,9.949659206185617,71.35956210548835
SA,2019-09-01,2019,9,1454,1454,1774006.0,12.528093067571811,64.24295735462816
SA,2019-10-01,2019,10,778,778,1778928.0,16.89206371616512,54.00328766643479
SA,2019-11-01,2019,11,690,690,1778928.0,16.71305009871852,55.88110235143379
SA,2019-12-01,2019,12,407,407,1778928.0,22.376015964315812,46.96235145383722
SA,2022-01-01,2022,1,2,8,1815442.0,22.80217537557349,60.181543483920414
SA,2022-02-01,2022,2,1,4,1815442.0,20.413199125275888,57.246965008635
SA,2022-03-01,2022,3,4,5,1815442.0,19.76454609951813,61.711339403808594
SA,2022-04-01,2022,4,268,268,1821215.0,17.269872933133932,65.05630321997565
SA,2022-05-01,2022,5,1726,1726,1821215.0,12.729947219150294,75.6838084311551
SA,2022-06-01,2022,6,4428,4428,1821215.0,10.698321488181683,80.99320006915593
SA,2022-07-01,2022,7,3999,3999,1829316.0,9.459766561194314,77.25752737589777
SA,2022-08-01,2022,8,649,649,1829316.0,10.957269706478671,76.48477408702772
SA,2022-09-01,2022,9,375,375,1829316.0,11.519491342371056,76.93455679349611
SA,2022-10-01,2022,10,172,172,1836096.0,14.797840731055928,71.73230761096464
SA,2022-11-01,2022,11,144,144,1836096.0,16.09214110640557,64.59150859246623
SA,2022-12-01,2022,12,323,323,1836096.0,19.68828370138913,53.6981553569054
TAS,2008-01-01,2008,1,2,7,497552.0,15.940156092191614,62.21190970671968
TAS,2008-02-01,2008,2,2,5,497552.0,13.51556287057373,69.16177672876901
TAS,2008-03-01,2008,3,2,4,497552.0,14.166659156604004,67.77541500875739
TAS,2008-04-01,2008,4,2,4,498568.0,10.43309406084176,77.7773287087957
TAS,2008-05-01,2008,5,6,8,498568.0,8.62929641889744,83.0087014827323
TAS,2008-06-01,2008,6,10,10,498568.0,7.611702512271886,83.98015531094103
TAS,2008-07-01,2008,7,5,10,500062.0,5.120965528656054,84.65793415372367
TAS,2008-08-01,2008,8,55,55,500062.0,5.837328273803352,80.67742406864271
TAS,2008-09-01,2008,9,222,222,500062.0,7.850225036522098,72.69376595920673
TAS,2008-10-01,2008,10,61,61,501774.0,10.437989447279122,67.5130346219903
TAS,2008-11-01,2008,11,17,22,501774.0,11.282868404356936,71.94415351806366
TAS,2008-12-01,2008,12,1,4,501774.0,12.01315991498565,68.16529105752689
TAS,2009-01-01,2009,1,0,5,503431.0,15.242801699955931,61.19622782208266
TAS,2009-02-01,2009,2,0,4,503431.0,14.561041386828592,69.48701842926644
TAS,2009-03-01,2009,3,2,4,503431.0,13.45001320579501,74.64734275066527
TAS,2009-04-01,2009,4,3,4,504353.0,10.33599823636441,78.11168340367031
TAS,2009-05-01,2009,5,19,19,504353.0,8.438141664705821,81.14108787304775
TAS,2009-06-01,2009,6,186,186,504353.0,7.1447813524512105,89.55939584449106
TAS,2009-07-01,2009,7,940,940,505468.0,6.053421730545081,83.40406464972122
TAS,2009-08-01,2009,8,146,146,505468.0,7.744840008961753,79.85247736460016
TAS,2009-09-01,2009,9,4,14,505468.0,8.445684056863177,77.95424117035921
TAS,2009-10-01,2009,10,6,6,506461.0,9.186291323305475,72.97338065164529
TAS,2009-11-01,2009,11,4,7,506461.0,13.616563034959292,72.24795504633425
TAS,2009-12-01,2009,12,2,7,506461.0,13.813521464916914,67.50758065100327
TAS,2010-01-01,2010,1,2,7,508182.0,15.189106383304042,63.35386892067229
TAS,2010-02-01,2010,2,2,4,508182.0,16.034943478978423,71.38430821543173
TAS,2010-03-01,2010,3,6,7,508182.0,14.817881101594024,72.59451531248723
TAS,2010-04-01,2010,4,10,10,508847.0,11.955971122874525,78.63337537404038
TAS,2010-05-01,2010,5,4,5,508847.0,8.153779663126672,82.42745486239355
TAS,2010-06-01,2010,6,1,4,508847.0,6.148141490377026,84.48415455887368
TAS,2010-07-01,2010,7,2,8,509481.0,6.364238766267075,85.92804566503915
TAS,2010-08-01,2010,8,11,13,509481.0,6.222447305322637,81.46361043603233
TAS,2010-09-01,2010,9,35,35,509481.0,7.264651207507404,74.11301428422016
TAS,2010-10-01,2010,10,22,22,510219.0,10.05915653622552,73.89903265299688
TAS,2010-11-01,2010,11,6,9,510219.0,12.04006874492755,73.27321840950768
TAS,2010-12-01,2010,12,6,10,510219.0,12.745597847703277,71.00431758268462
TAS,2011-01-01,2011,1,5,7,511248.0,15.346378411137076,71.00271932440069
TAS,2011-02-01,2011,2,3,11,511248.0,13.824941057194245,73.9070257717474
TAS,2011-03-01,2011,3,2,4,511248.0,12.587421418486642,74.89565428463987
TAS,2011-04-01,2011,4,23,24,511483.0,10.724029231120063,81.86827216557819
TAS,2011-05-01,2011,5,28,28,511483.0,7.390064234172861,82.42544717213943
TAS,2011-06-01,2011,6,22,22,511483.0,6.537496151255384,85.37092540665081
TAS,2011-07-01,2011,7,79,79,511880.0,5.671794964098156,81.36816317944164
TAS,2011-08-01,2011,8,104,104,511880.0,8.496191314409423,84.06225885495817
TAS,2011-09-01,2011,9,68,68,511880.0,8.402350352457184,74.24725714673411
TAS,2011-10-01,2011,10,13,13,511739.0,9.7098428868909,73.58573967516689
TAS,2011-11-01,2011,11,9,9,511739.0,12.503214407482906,71.37946018336618
TAS,2011-12-01,2011,12,7,8,511739.0,13.764608718571466,70.44625471933122
TAS,2012-01-01,2012,1,1,7,511993.0,15.705093076206916,66.17612189506863
TAS,2012-02-01,2012,2,4,7,511993.0,15.427735716745422,70.61545676617553
TAS,2012-03-01,2012,3,6,7,511993.0,13.052501269127395,73.74888618856251
TAS,2012-04-01,2012,4,4,4,511724.0,11.579377480850296,78.38441416935444
TAS,2012-05-01,2012,5,5,6,511724.0,8.51153981469551,83.22063606450865
TAS,2012-06-01,2012,6,53,53,511724.0,6.299063109764982,83.49638513226645
TAS,2012-07-01,2012,7,579,579,511582.0,6.053771411762547,85.99143682415162
TAS,2012-08-01,2012,8,378,378,511582.0,6.487898944286876,80.55872930306168
TAS,2012-09-01,2012,9,30,30,511582.0,8.244310459938209,76.65444319554359
TAS,2012-10-01,2012,10,16,16,511813.0,9.596257539459822,71.87938886317774
TAS,2012-11-01,2012,11,15,17,511813.0,12.587318148356443,69.41562272818977
TAS,2012-12-01,2012,12,4,5,511813.0,13.646551556071383,65.87023547642904
TAS,2013-01-01,2013,1,2,4,512240.0,15.436747568622856,62.49001852855613
TAS,2013-02-01,2013,2,4,5,512240.0,16.050211207573337,69.04800920737199
TAS,2013-03-01,2013,3,2,5,512240.0,15.472282412520704,70.57106104746855
TAS,2013-04-01,2013,4,5,5,512231.0,10.52943109962087,75.65327012035726
TAS,2013-05-01,2013,5,2,5,512231.0,8.374178102491586,82.56425673743615
TAS,2013-06-01,2013,6,5,5,512231.0,6.841001309872053,85.5607891077315
TAS,2013-07-01,2013,7,15,15,512510.0,7.1042378627772615,84.66289385064351
TAS,2013-08-01,2013,8,67,67,512510.0,7.183217634422521,79.89597994636601
TAS,2013-09-01,2013,9,77,77,512510.0,9.273849901203883,76.26817452075124
TAS,2013-10-01,2013,10,60,60,513015.0,9.538714924724722,69.9396161830384
TAS,2013-11-01,2013,11,40,40,513015.0,10.905781241286142,75.13872583154412
TAS,2013-12-01,2013,12,17,17,513015.0,13.520203597188557,69.03013607065276
TAS,2014-01-01,2014,1,22,22,513681.0,15.65701539708186,64.16716179163708
TAS,2014-02-01,2014,2,16,16,513681.0,15.651787056122773,67.74607644849387
TAS,2014-03-01,2014,3,12,12,513681.0,14.467725091918131,74.27805448943948
TAS,2014-04-01,2014,4,17,17,513621.0,11.024554087741198,76.8350007791734
TAS,2014-05-01,2014,5,20,20,513621.0,9.14302445723456,83.19509738547083
TAS,2014-06-01,2014,6,42,42,513621.0,7.443053047069686,86.36194353596665
TAS,2014-07-01,2014,7,69,69,513898.0,6.84984101643462,85.71987307874201
TAS,2014-08-01,2014,8,253,253,513898.0,7.083270577112131,81.44331889978213
TAS,2014-09-01,2014,9,161,161,513898.0,8.883047229850025,73.37001286842711
TAS,2014-10-01,2014,10,41,41,514040.0,10.234624033232816,71.40159853669735
TAS,2014-11-01,2014,11,8,8,514040.0,11.76492645621478,67.51374302504756
TAS,2014-12-01,2014,12,15,20,514040.0,13.815698026287915,72.28429548999564
TAS,2015-01-01,2015,1,9,13,514812.0,14.955317113594344,68.38446908563631
TAS,2015-02-01,2015,2,7,7,514812.0,15.892627691909146,69.8840220703917
TAS,2015-03-01,2015,3,19,23,514812.0,12.036076038479804,73.14445278317146
TAS,2015-04-01,2015,4,34,34,515117.0,9.8937556352408,77.88626170551329
TAS,2015-05-01,2015,5,36,36,515117.0,7.830411612322277,81.3349234057253
TAS,2015-06-01,2015,6,64,64,515117.0,6.263918835037831,84.85590897818857
TAS,2015-07-01,2015,7,161,161,515697.0,5.5157184555603935,81.99081095435392
TAS,2015-08-01,2015,8,483,483,515697.0,5.21887354990222,79.82790098815056
TAS,2015-09-01,2015,9,491,491,515697.0,8.505393412710832,76.94451439024937
TAS,2015-10-01,2015,10,106,106,515694.0,11.792901777254668,66.80560471792992
TAS,2015-11-01,2015,11,17,17,515694.0,12.537465849470944,67.27641593002842
TAS,2015-12-01,2015,12,12,12,515694.0,15.261710845275934,63.519717964499705
TAS,2016-01-01,2016,1,8,11,516861.0,16.37312191129047,66.81140689879638
TAS,2016-02-01,2016,2,16,16,516861.0,15.933200438713932,69.96443454549954
TAS,2016-03-01,2016,3,22,22,516861.0,14.394393925460692,74.13998218598327
TAS,2016-04-01,2016,4,26,26,517514.0,12.080185598863888,74.45074476352258
TAS,2016-05-01,2016,5,18,18,517514.0,9.033465702887556,80.41370187475614
TAS,2016-06-01,2016,6,28,28,517514.0,7.489374730878444,85.65017578703836
TAS,2016-07-01,2016,7,43,43,519606.0,6.886178179555092,81.71387439775067
TAS,2016-08-01,2016,8,257,257,519606.0,6.7295931141448015,79.35091528241557
TAS,2016-09-01,2016,9,451,451,519606.0,9.010777964049176,79.58938961822147
TAS,2016-10-01,2016,10,100,100,521981.0,9.116013865553647,70.41359286495681
TAS,2016-11-01,2016,11,57,57,521981.0,11.573878944675144,71.20030390130036
TAS,2016-12-01,2016,12,29,29,521981.0,14.231101791834616,68.07183191558948
TAS,2017-01-01,2017,1,34,34,524574.0,15.399920499771184,66.63477323604886
TAS,2017-02-01,2017,2,29,29,524574.0,14.003901141486278,67.516334939976
TAS,2017-03-01,2017,3,44,44,524574.0,15.195384193890266,74.82418303640428
TAS,2017-04-01,2017,4,31,31,526762.0,11.501668453523546,77.23953233503897
TAS,2017-05-01,2017,5,31,31,526762.0,8.256076450774113,84.13033308487627
TAS,2017-06-01,2017,6,70,70,526762.0,6.640708928668964,84.12348599462987
TAS,2017-07-01,2017,7,305,305,529350.0,5.384268705649061,84.41568167486045
TAS,2017-08-01,2017,8,1057,1057,529350.0,5.87829896289218,80.3860886360305
TAS,2017-09-01,2017,9,1605,1605,529350.0,7.19951808466352,75.5378698261442
TAS,2017-10-01,2017,10,217,217,531561.0,11.388576480289252,72.04679454917385
TAS,2017-11-01,2017,11,55,55,531561.0,14.57067529626988,68.2813135742136
TAS,2017-12-01,2017,12,32,32,531561.0,14.82231825494224,67.34849175252705
TAS,2018-01-01,2018,1,14,14,534754.0,16.765937119738183,65.51828426715909
TAS,2018-02-01,2018,2,24,24,534754.0,14.972766035273208,70.48334493167192
TAS,2018-03-01,2018,3,30,30,534754.0,13.591974104583269,71.95568372340423
TAS,2018-04-01,2018,4,20,20,537291.0,11.142392931685183,76.91340777151785
TAS,2018-05-01,2018,5,10,10,537291.0,8.80335124897846,79.17291136687551
TAS,2018-06-01,2018,6,28,28,537291.0,6.454303936069427,86.04055130296513
TAS,2018-07-01,2018,7,21,21,540241.0,6.498735650623919,82.6988495205029
TAS,2018-08-01,2018,8,35,35,540241.0,6.373728093354748,79.5161828474919
TAS,2018-09-01,2018,9,81,81,540241.0,7.834431269735184,74.04213872990216
TAS,2018-10-01,2018,10,82,82,542927.0,10.680480775855028,72.1063926788332
TAS,2018-11-01,2018,11,70,70,542927.0,12.242189595228542,73.68660184419721
TAS,2018-12-01,2018,12,35,35,542927.0,15.597855102062118,68.03146127479246
TAS,2019-01-01,2019,1,55,55,545803.0,17.25276943880111,61.9961255393417
TAS,2019-02-01,2019,2,69,69,545803.0,15.03514811980062,69.05866096317948
TAS,2019-03-01,2019,3,172,172,545803.0,14.214297951284973,71.45256411299026
TAS,2019-04-01,2019,4,361,361,547841.0,11.061753674012756,75.25171512628287
TAS,2019-05-01,2019,5,348,348,547841.0,8.952622264740317,81.9550577590787
TAS,2019-06-01,2019,6,394,394,547841.0,6.717072853639376,84.40002884161913
TAS,2019-07-01,2019,7,487,487,549947.0,6.753735546973835,82.32965783525064
TAS,2019-08-01,2019,8,613,613,549947.0,6.343762668426776,78.79485235178004
TAS,2019-09-01,2019,9,346,346,549947.0,8.20803239028523,73.53735250020235
TAS,2019-10-01,2019,10,148,148,553340.0,10.284857690832249,69.44149923435197
TAS,2019-11-01,2019,11,95,95,553340.0,10.804991791696816,66.00815166217467
TAS,2019-12-01,2019,12,50,50,553340.0,13.704510409689892,63.8281067043711
TAS,2022-01-01,2022,1,0,0,570272.0,16.753311133890143,74.6742629953443
TAS,2022-02-01,2022,2,0,4,570272.0,15.035434218291716,70.6148089405707
TAS,2022-03-01,2022,3,4,7,570272.0,14.232493382672343,75.70997109466228
TAS,2022-04-01,2022,4,19,21,571051.0,11.68877148891119,80.79475535635275
TAS,2022-05-01,2022,5,223,223,571051.0,8.399224419587455,84.96143525902977
TAS,2022-06-01,2022,6,1457,1457,571051.0,6.345690025763298,83.92199858206963
TAS,2022-07-01,2022,7,945,945,571691.0,5.767859997849202,85.01169473873904
TAS,2022-08-01,2022,8,120,120,571691.0,7.433329036247503,83.24825679672836
TAS,2022-09-01,2022,9,65,65,571691.0,8.085188313438564,79.08421273969567
TAS,2022-10-01,2022,10,28,28,572352.0,10.08239274506359,76.4068751846104
TAS,2022-11-01,2022,11,27,27,572352.0,10.934980732714786,71.35481962660539
TAS,2022-12-01,2022,12,52,52,572352.0,13.289873995165596,70.21651049961224
VIC,2008-01-01,2008,1,14,14,5233000.0,20.15251047541248,60.6454021397633
VIC,2008-02-01,2008,2,6,7,5233000.0,17.42905073962864,65.20289699633193
VIC,2008-03-01,2008,3,10,14,5233000.0,18.32775585033672,57.69824553992415
VIC,2008-04-01,2008,4,26,26,5256375.0,12.948048592707323,69.20300837986821
VIC,2008-05-01,2008,5,23,23,5256375.0,10.13838472170102,81.71577378377157
VIC,2008-06-01,2008,6,29,29,5256375.0,9.879749041258206,82.75404626081703
VIC,2008-07-01,2008,7,82,82,5286549.0,7.461736624335693,80.69675431166533
VIC,2008-08-01,2008,8,446,446,5286549.0,7.490906823372659,79.73015285313782
VIC,2008-09-01,2008,9,443,443,5286549.0,10.839185074347302,64.3935208187621
VIC,2008-10-01,2008,10,175,175,5313285.0,13.6577231285406,59.77526005683795
VIC,2008-11-01,2008,11,31,31,5313285.0,14.92272365351344,65.5503386005814
VIC,2008-12-01,2008,12,18,18,5313285.0,15.864244095419842,63.76958600989523
VIC,2009-01-01,2009,1,14,18,5347672.0,20.070559987466822,52.09581137503957
VIC,2009-02-01,2009,2,10,12,5347672.0,19.59170497202808,58.52351732455514
VIC,2009-03-01,2009,3,12,12,5347672.0,16.888569878070747,65.62943832002279
VIC,2009-04-01,2009,4,16,22,5371934.0,13.12272803279477,70.0883553539942
VIC,2009-05-01,2009,5,1455,1455,5371934.0,10.765743499999823,80.52782436193871
VIC,2009-06-01,2009,6,3292,3292,5371934.0,8.533509203374564,85.61521271566778
VIC,2009-07-01,2009,7,1738,1738,5398874.0,8.140080230209113,79.9207486268736
VIC,2009-08-01,2009,8,368,368,5398874.0,9.67591503911012,74.19358275712426
VIC,2009-09-01,2009,9,64,64,5398874.0,11.028551830725188,69.0069880524096
VIC,2009-10-01,2009,10,34,34,5419249.0,12.242791695047806,69.89786967238523
VIC,2009-11-01,2009,11,24,24,5419249.0,18.80872205305024,61.7354879568388
VIC,2009-12-01,2009,12,13,13,5419249.0,17.893944586559726,60.47499605633972
VIC,2010-01-01,2010,1,16,16,5445172.0,19.450894700034222,58.863451801610005
VIC,2010-02-01,2010,2,26,26,5445172.0,20.55612881153081,64.20840100594991
VIC,2010-03-01,2010,3,17,17,5445172.0,17.864332670381778,68.5799604259049
VIC,2010-04-01,2010,4,40,40,5461101.0,14.978558347857437,74.90522208525927
VIC,2010-05-01,2010,5,41,41,5461101.0,10.768555878764229,81.6465651460476
VIC,2010-06-01,2010,6,57,57,5461101.0,7.972911623302994,84.4900302244284
VIC,2010-07-01,2010,7,179,179,5478710.0,7.640142466903962,85.83543590047834
VIC,2010-08-01,2010,8,552,552,5478710.0,7.795720809734891,80.40174211332868
VIC,2010-09-01,2010,9,750,750,5478710.0,9.482682922616862,76.25047713520416
VIC,2010-10-01,2010,10,237,237,5495711.0,12.739123434031375,72.4846590142568
VIC,2010-11-01,2010,11,58,58,5495711.0,15.667853887948812,69.866031685189
VIC,2010-12-01,2010,12,115,115,5495711.0,16.68634769361135,67.97774072291703
VIC,2011-01-01,2011,1,114,114,5520378.0,19.687403127715637,68.1978465051067
VIC,2011-02-01,2011,2,119,119,5520378.0,18.14226562618954,73.80947695175298
VIC,2011-03-01,2011,3,87,87,5520378.0,15.83933590202349,73.74741275561881
VIC,2011-04-01,2011,4,92,92,5537817.0,13.056091849857962,77.80342915545928
VIC,2011-05-01,2011,5,103,103,5537817.0,9.356293526951534,82.06122956156355
VIC,2011-06-01,2011,6,119,119,5537817.0,8.52253240820142,82.99135229564327
VIC,2011-07-01,2011,7,332,332,5564662.0,7.977314677477266,81.56692562467772
VIC,2011-08-01,2011,8,673,673,5564662.0,9.675820664465034,78.01450528136888
VIC,2011-09-01,2011,9,995,995,5564662.0,11.013650766627736,69.76897811642536
VIC,2011-10-01,2011,10,343,343,5591818.0,13.127248935184976,71.46424226556778
VIC,2011-11-01,2011,11,137,137,5591818.0,16.57671503205069,68.05372321246627
VIC,2011-12-01,2011,12,93,93,5591818.0,17.445137380992957,64.61804730056441
VIC,2012-01-01,2012,1,52,52,5625354.0,19.794666327959263,60.49663961681723
VIC,2012-02-01,2012,2,38,38,5625354.0,19.21621038741113,66.96410274479014
VIC,2012-03-01,2012,3,104,104,5625354.0,15.950360732750026,71.77528883627731
VIC,2012-04-01,2012,4,83,83,5651091.0,13.794527358866285,74.31512947986523
VIC,2012-05-01,2012,5,102,102,5651091.0,9.97421065919035,78.95157861521884
VIC,2012-06-01,2012,6,654,654,5651091.0,8.086685277365891,83.39957245773658
VIC,2012-07-01,2012,7,1629,1629,5680420.0,7.898007494057398,84.8829656899887
VIC,2012-08-01,2012,8,1959,1959,5680420.0,8.294837414201773,75.9434274730845
VIC,2012-09-01,2012,9,816,816,5680420.0,10.627323091132116,71.82518804029606
VIC,2012-10-01,2012,10,248,248,5709586.0,12.52972376574678,67.00990016990946
VIC,2012-11-01,2012,11,207,207,5709586.0,16.272431755797992,63.60788994988925
VIC,2012-12-01,2012,12,95,95,5709586.0,17.57393506257143,60.46906677334429
VIC,2013-01-01,2013,1,122,122,5744915.0,19.54352428118008,56.23592207600078
VIC,2013-02-01,2013,2,118,118,5744915.0,20.73157783071102,60.36740667517478
VIC,2013-03-01,2013,3,92,92,5744915.0,18.88734389124454,60.359277944455705
VIC,2013-04-01,2013,4,67,67,5772669.0,13.95519855773092,71.09815192260658
VIC,2013-05-01,2013,5,176,176,5772669.0,10.650696924751584,77.71495134873082
VIC,2013-06-01,2013,6,253,253,5772669.0,8.1508944523074,85.46994183619199
VIC,2013-07-01,2013,7,645,645,5804499.0,8.733120348865393,83.09959218862681
VIC,2013-08-01,2013,8,1912,1912,5804499.0,9.533194795125183,78.0201139818458
VIC,2013-09-01,2013,9,1249,1249,5804499.0,12.390125621377628,72.1784439808548
VIC,2013-10-01,2013,10,503,503,5832585.0,12.274539964904047,67.32051833423124
VIC,2013-11-01,2013,11,429,429,5832585.0,14.325526208988666,67.79521658211272
VIC,2013-12-01,2013,12,270,270,5832585.0,17.4622402665529,62.06097654240359
VIC,2014-01-01,2014,1,273,273,5869511.0,20.65675148054474,55.91997375508007
VIC,2014-02-01,2014,2,146,146,5869511.0,20.10957781382613,58.11588724372644
VIC,2014-03-01,2014,3,161,161,5869511.0,17.75466196951839,67.5005064157253
VIC,2014-04-01,2014,4,125,125,5894917.0,14.162600231559296,74.53714668543118
VIC,2014-05-01,2014,5,315,315,5894917.0,12.102437380293631,79.44609660066925
VIC,2014-06-01,2014,6,419,419,5894917.0,9.477440366917516,86.21012480093792
VIC,2014-07-01,2014,7,998,998,5927199.0,8.20404385738352,83.83118023793563
VIC,2014-08-01,2014,8,3615,3615,5927199.0,8.553387936247708,78.5335274343754
VIC,2014-09-01,2014,9,2579,2579,5927199.0,10.97485830137158,72.17581679390246
VIC,2014-10-01,2014,10,844,844,5957512.0,14.00952783781874,66.20794047039544
VIC,2014-11-01,2014,11,225,225,5957512.0,16.100809244810822,60.03640347208214
VIC,2014-12-01,2014,12,173,173,5957512.0,17.719997810679498,63.91572857821621
VIC,2015-01-01,2015,1,213,213,5995205.0,19.248546673061487,62.99680116680749
VIC,2015-02-01,2015,2,184,184,5995205.0,20.38656752196752,64.79383519581899
VIC,2015-03-01,2015,3,260,260,5995205.0,15.822578824160042,65.06180478113558
VIC,2015-04-01,2015,4,370,370,6022322.0,12.708628500200808,74.28904455489875
VIC,2015-05-01,2015,5,504,504,6022322.0,10.43262360844413,78.7766963661756
VIC,2015-06-01,2015,6,913,913,6022322.0,8.029744563646359,84.08559680734913
VIC,2015-07-01,2015,7,3090,3090,6057558.0,7.170106983240239,80.91471288215045
VIC,2015-08-01,2015,8,6044,6044,6057558.0,8.088754968854262,79.68159368220364
VIC,2015-09-01,2015,9,4589,4589,6057558.0,10.399115877064473,72.99916294258438
VIC,2015-10-01,2015,10,929,929,6093049.0,16.479425864444977,60.19925054449661
VIC,2015-11-01,2015,11,136,136,6093049.0,16.15558872230037,63.77210767533919
VIC,2015-12-01,2015,12,78,78,6093049.0,20.07111284329832,52.19473730419031
VIC,2016-01-01,2016,1,135,135,6138627.0,19.689823609282303,63.81012002854085
VIC,2016-02-01,2016,2,198,198,6138627.0,19.44509182554606,62.86131205259823
VIC,2016-03-01,2016,3,294,294,6138627.0,18.82212727868718,66.0599896851359
VIC,2016-04-01,2016,4,441,441,6173172.0,15.248181075862554,66.58336878753826
VIC,2016-05-01,2016,5,248,248,6173172.0,11.733633301299136,77.02223081413776
VIC,2016-06-01,2016,6,329,329,6173172.0,8.495757573667724,86.10487136693293
VIC,2016-07-01,2016,7,1149,1149,6205852.0,8.844524149684858,84.25930940037564
VIC,2016-08-01,2016,8,3124,3124,6205852.0,8.975292890503214,77.65487519241859
VIC,2016-09-01,2016,9,4464,4464,6205852.0,10.663005334146066,78.60446916753108
VIC,2016-10-01,2016,10,1325,1325,6235781.0,11.649742611834396,67.31596626812636
VIC,2016-11-01,2016,11,655,655,6235781.0,14.475953247110745,68.34481272948341
VIC,2016-12-01,2016,12,575,575,6235781.0,18.36859877941677,60.51059950844612
VIC,2017-01-01,2017,1,372,372,6278555.0,19.882008310483997,60.190157146831226
VIC,2017-02-01,2017,2,322,322,6278555.0,18.622138238436264,62.34679019054005
VIC,2017-03-01,2017,3,368,368,6278555.0,19.503678749751472,64.61601965590582
VIC,2017-04-01,2017,4,298,298,6302608.0,14.080352791519385,73.45465191039229
VIC,2017-05-01,2017,5,489,489,6302608.0,10.418321260583893,80.50628085181822
VIC,2017-06-01,2017,6,1519,1519,6302608.0,7.62818940076679,85.27341672348797
VIC,2017-07-01,2017,7,5579,5579,6333514.0,7.414205277599764,80.74966578145545
VIC,2017-08-01,2017,8,14232,14232,6333514.0,8.077849759900973,77.7406194980675
VIC,2017-09-01,2017,9,20715,20715,6333514.0,10.293629099731213,69.72865489689437
VIC,2017-10-01,2017,10,3531,3531,6358210.0,13.824806859511488,68.97761084059165
VIC,2017-11-01,2017,11,538,538,6358210.0,18.29394687705393,61.9714328921469
VIC,2017-12-01,2017,12,246,246,6358210.0,18.34344902489853,63.6852162386425
VIC,2018-01-01,2018,1,574,574,6398586.0,21.007467263069632,59.743214832174814
VIC,2018-02-01,2018,2,536,536,6398586.0,20.028723722890625,58.73544827950172
VIC,2018-03-01,2018,3,513,513,6398586.0,17.643739859923954,59.83185764235517
VIC,2018-04-01,2018,4,360,360,6423038.0,15.167613093404864,67.49205756697857
VIC,2018-05-01,2018,5,308,308,6423038.0,11.158333170148182,76.83237202615662
VIC,2018-06-01,2018,6,288,288,6423038.0,7.851859975696858,83.97703107583523
VIC,2018-07-01,2018,7,439,439,6454976.0,8.059139373882925,76.49877744155884
VIC,2018-08-01,2018,8,1183,1183,6454976.0,8.198173724510516,73.48556392899428
VIC,2018-09-01,2018,9,2322,2322,6454976.0,10.011924145954373,67.76822026536914
VIC,2018-10-01,2018,10,2062,2062,6479695.0,14.099465805774768,64.5744268143388
VIC,2018-11-01,2018,11,1835,1835,6479695.0,15.43763068730299,65.428656545444
VIC,2018-12-01,2018,12,1304,1304,6479695.0,19.78473395562827,63.187007234703785
VIC,2019-01-01,2019,1,1263,1263,6518716.0,22.071542504758867,56.21495286305763
VIC,2019-02-01,2019,2,1157,1157,6518716.0,19.610558044925064,58.65734632495647
VIC,2019-03-01,2019,3,2413,2413,6518716.0,18.25275358218161,60.59727299049696
VIC,2019-04-01,2019,4,3806,3806,6537305.0,14.974116534001949,64.2109087634507
VIC,2019-05-01,2019,5,8654,8654,6537305.0,11.065924680350314,79.92150831095613
VIC,2019-06-01,2019,6,11602,11602,6537305.0,8.478747188317056,83.69703701600525
VIC,2019-07-01,2019,7,13338,13338,6567898.0,8.62862930300658,82.55552049972277
VIC,2019-08-01,2019,8,13572,13572,6567898.0,8.045228398418342,77.35562653127134
VIC,2019-09-01,2019,9,8286,8286,6567898.0,10.345476828600416,72.44517999242298
VIC,2019-10-01,2019,10,2940,2940,6590050.0,13.86267345749576,64.35944095760246
VIC,2019-11-01,2019,11,1233,1233,6590050.0,14.365800590870467,63.33825778806924
VIC,2019-12-01,2019,12,1247,1247,6590050.0,18.377779766172733,58.20028085086688
VIC,2022-01-01,2022,1,13,13,6604868.0,21.784566760766825,65.46185120848226
VIC,2022-02-01,2022,2,4,5,6604868.0,19.03161187311632,63.89263540229188
VIC,2022-03-01,2022,3,64,64,6604868.0,17.802155362298528,71.91737626693279
VIC,2022-04-01,2022,4,1881,1881,6630631.0,14.676993851397048,76.90409362234058
VIC,2022-05-01,2022,5,16861,16861,6630631.0,10.4926038355353,83.33740835711424
VIC,2022-06-01,2022,6,13934,13934,6630631.0,8.324674588758498,85.58751819068664
VIC,2022-07-01,2022,7,1900,1900,6672635.0,7.538265327615198,82.58927932416977
VIC,2022-08-01,2022,8,300,300,6672635.0,9.275134388218865,81.38242149314001
VIC,2022-09-01,2022,9,259,259,6672635.0,10.349117855987265,78.22677053710703
VIC,2022-10-01,2022,10,240,240,6719487.0,12.896790997833897,77.32006767938589
VIC,2022-11-01,2022,11,271,271,6719487.0,13.690833501444011,73.14955316957641
VIC,2022-12-01,2022,12,863,863,6719487.0,16.851632505577516,64.78240889142818
WA,2008-01-01,2008,1,32,32,2155552.0,25.145213090719352,49.92160657778057
WA,2008-02-01,2008,2,14,14,2155552.0,24.80139932382054,51.8360683763985
WA,2008-03-01,2008,3,19,19,2155552.0,22.143804115702512,56.62625305674442
WA,2008-04-01,2008,4,18,18,2171700.0,17.611393486872434,67.12540819967298
WA,2008-05-01,2008,5,37,37,2171700.0,15.691515182302656,75.18092086908425
WA,2008-06-01,2008,6,27,27,2171700.0,13.012385673088056,72.65437882731354
WA,2008-07-01,2008,7,46,46,2191582.0,11.799298385573792,76.36983018662501
WA,2008-08-01,2008,8,220,220,2191582.0,11.74286782598412,65.06661431279521
WA,2008-09-01,2008,9,430,430,2191582.0,14.023233336405998,69.92766699426858
WA,2008-10-01,2008,10,133,133,2208928.0,17.015891337269675,64.92065302664687
WA,2008-11-01,2008,11,30,30,2208928.0,17.317093741754153,64.06980795570702
WA,2008-12-01,2008,12,22,22,2208928.0,20.925556197141727,58.26128753796818
WA,2009-01-01,2009,1,29,29,2228317.0,24.77033100601847,54.6253360128539
WA,2009-02-01,2009,2,19,19,2228317.0,23.933065411234832,52.49688160083503
WA,2009-03-01,2009,3,14,14,2228317.0,21.144856289279723,55.77580564995422
WA,2009-04-01,2009,4,20,20,2240250.0,19.692686780845342,55.95273954608575
WA,2009-05-01,2009,5,91,91,2240250.0,15.801065578347968,58.64709700256351
WA,2009-06-01,2009,6,475,475,2240250.0,12.883305563074392,76.55921688879504
WA,2009-07-01,2009,7,2779,2779,2253355.0,11.577793850020404,76.42346276953006
WA,2009-08-01,2009,8,1665,1665,2253355.0,12.975317072650531,77.76442447865321
WA,2009-09-01,2009,9,288,288,2253355.0,12.953404045501676,70.65481668528584
WA,2009-10-01,2009,10,91,91,2263747.0,16.946428562953948,65.01392836302065
WA,2009-11-01,2009,11,30,30,2263747.0,19.597823166960243,58.68635165635058
WA,2009-12-01,2009,12,24,24,2263747.0,22.957136793531912,47.09100780742118
WA,2010-01-01,2010,1,13,17,2278589.0,25.22862539519044,46.930538799463065
WA,2010-02-01,2010,2,10,10,2278589.0,24.648213075235223,53.3232755992582
WA,2010-03-01,2010,3,18,18,2278589.0,22.895159539538504,55.76278629409671
WA,2010-04-01,2010,4,26,26,2290845.0,18.42389168429407,67.66942668854033
WA,2010-05-01,2010,5,25,25,2290845.0,14.588691009985428,68.76039646642403
WA,2010-06-01,2010,6,37,37,2290845.0,12.221182675048748,73.08711151179403
WA,2010-07-01,2010,7,140,140,2305415.0,11.138446690386072,74.79911631676518
WA,2010-08-01,2010,8,293,293,2305415.0,12.044097229994792,69.8699223617649
WA,2010-09-01,2010,9,462,462,2305415.0,14.204533316911869,60.61732231108152
WA,2010-10-01,2010,10,399,399,2319063.0,17.016463963098897,53.41880912460011
WA,2010-11-01,2010,11,108,108,2319063.0,21.63607215688829,47.75099833893815
WA,2010-12-01,2010,12,96,96,2319063.0,22.34518748177365,52.95599095692796
WA,2011-01-01,2011,1,60,60,2337611.0,24.81693357911088,54.53367593491659
WA,2011-02-01,2011,2,65,65,2337611.0,26.11770490003196,53.520144566814885
WA,2011-03-01,2011,3,43,43,2337611.0,23.75652755531636,52.7477580011957
WA,2011-04-01,2011,4,32,32,2353409.0,19.76140720618411,57.38422623221186
WA,2011-05-01,2011,5,23,23,2353409.0,16.01640048682669,66.23523873183315
WA,2011-06-01,2011,6,59,59,2353409.0,13.575173441333195,73.30387156597568
WA,2011-07-01,2011,7,241,241,2369612.0,12.33906467591166,79.03864535244844
WA,2011-08-01,2011,8,419,419,2369612.0,13.326673406054098,73.06922047017187
WA,2011-09-01,2011,9,488,488,2369612.0,13.848952508379275,70.4121424413631
WA,2011-10-01,2011,10,204,204,2385947.0,17.22605960928412,67.69215108717516
WA,2011-11-01,2011,11,122,122,2385947.0,19.31942450159552,59.05557623485859
WA,2011-12-01,2011,12,107,107,2385947.0,23.01246284499537,56.38513987223384
WA,2012-01-01,2012,1,59,59,2408108.0,25.535612785702337,51.12780182382079
WA,2012-02-01,2012,2,65,65,2408108.0,23.622357114263917,57.50009694576796
WA,2012-03-01,2012,3,143,143,2408108.0,22.366756270242835,49.03494977631062
WA,2012-04-01,2012,4,85,85,2425507.0,19.00997717358834,61.93791184075469
WA,2012-05-01,2012,5,119,119,2425507.0,15.459659489549034,67.09709827685747
WA,2012-06-01,2012,6,537,537,2425507.0,13.455009325777976,73.17371981109417
WA,2012-07-01,2012,7,1755,1755,2442876.0,11.304940093851163,69.47674499198598
WA,2012-08-01,2012,8,1870,1870,2442876.0,12.904608317073652,74.08993888298835
WA,2012-09-01,2012,9,377,377,2442876.0,14.382373958580956,66.45714528615456
WA,2012-10-01,2012,10,93,93,2457489.0,17.638749377108834,59.396181590789546
WA,2012-11-01,2012,11,89,89,2457489.0,18.74758631296001,61.9639000884084
WA,2012-12-01,2012,12,38,38,2457489.0,23.49421652661165,55.02758505031339
WA,2013-01-01,2013,1,73,73,2475242.0,24.33872179064841,53.888724439071446
WA,2013-02-01,2013,2,82,82,2475242.0,25.20576453722192,48.82474965069957
WA,2013-03-01,2013,3,137,137,2475242.0,20.884201776343403,63.551193753702464
WA,2013-04-01,2013,4,67,67,2486944.0,20.91163841850944,65.82327539354087
WA,2013-05-01,2013,5,76,76,2486944.0,14.923694321723636,74.71393540369849
WA,2013-06-01,2013,6,67,67,2486944.0,12.69623177459376,75.12540155968198
WA,2013-07-01,2013,7,197,197,2496285.0,11.920854391839878,74.45616993551027
WA,2013-08-01,2013,8,562,562,2496285.0,14.049589284191818,77.25598407143379
WA,2013-09-01,2013,9,519,519,2496285.0,14.525174843327166,73.83561309739366
WA,2013-10-01,2013,10,319,319,2502188.0,17.099370636712514,66.78153855827527
WA,2013-11-01,2013,11,208,208,2502188.0,21.290220462136848,55.012728763164894
WA,2013-12-01,2013,12,88,88,2502188.0,22.73896092907728,51.08698956182868
WA,2014-01-01,2014,1,141,141,2512556.0,24.548271727571997,52.45790117932183
WA,2014-02-01,2014,2,120,120,2512556.0,24.71693558005472,47.99424214679421
WA,2014-03-01,2014,3,122,122,2512556.0,22.7147724856806,57.5209248108141
WA,2014-04-01,2014,4,128,128,2517608.0,19.08584488332572,62.38264836390911
WA,2014-05-01,2014,5,140,140,2517608.0,15.926620735720546,79.14265209069136
WA,2014-06-01,2014,6,192,192,2517608.0,12.67811796182235,72.71744481496971
WA,2014-07-01,2014,7,786,786,2524042.0,12.52355408655398,77.50531396547
WA,2014-08-01,2014,8,1892,1892,2524042.0,14.685638409886185,70.30089431356136
WA,2014-09-01,2014,9,1079,1079,2524042.0,15.475380029874138,72.08844142967055
WA,2014-10-01,2014,10,394,394,2528619.0,17.633682423964935,65.88270492981162
WA,2014-11-01,2014,11,140,140,2528619.0,19.111219746276436,60.939107947753165
WA,2014-12-01,2014,12,115,115,2528619.0,21.57816411617744,53.14681279720891
WA,2015-01-01,2015,1,190,190,2536604.0,24.79529891755752,47.732081840087865
WA,2015-02-01,2015,2,165,165,2536604.0,24.9114462271981,55.60316312912943
WA,2015-03-01,2015,3,180,180,2536604.0,21.752052578660127,60.01522023642025
WA,2015-04-01,2015,4,196,196,2540672.0,18.44628233259204,62.86915787638065
WA,2015-05-01,2015,5,367,367,2540672.0,14.158376814011634,68.28624135434083
WA,2015-06-01,2015,6,517,517,2540672.0,14.080451013180308,73.7780453822602
WA,2015-07-01,2015,7,1151,1151,2545509.0,12.773128845754554,75.94860284874134
WA,2015-08-01,2015,8,1226,1226,2545509.0,12.954481902217914,74.64871111503855
WA,2015-09-01,2015,9,1239,1239,2545509.0,14.753494594353237,63.00066543796697
WA,2015-10-01,2015,10,549,549,2547745.0,19.08071929501056,61.70719889268241
WA,2015-11-01,2015,11,101,101,2547745.0,21.122237191696456,57.67914214273232
WA,2015-12-01,2015,12,128,128,2547745.0,22.1815427184962,51.82578621061317
WA,2016-01-01,2016,1,113,113,2554506.0,24.484309826017192,56.43529804138405
WA,2016-02-01,2016,2,177,177,2554506.0,24.06835858397996,50.81620767827198
WA,2016-03-01,2016,3,197,197,2554506.0,22.71273981432974,61.62969395322175
WA,2016-04-01,2016,4,193,193,2555978.0,18.832297569834207,70.82394274758873
WA,2016-05-01,2016,5,233,233,2555978.0,14.470940751780464,75.61481600495232
WA,2016-06-01,2016,6,285,285,2555978.0,12.570314319228771,77.7614420022688
WA,2016-07-01,2016,7,974,974,2564492.0,11.544213851563908,75.34910784264338
WA,2016-08-01,2016,8,2095,2095,2564492.0,11.731392891776885,74.85823834799932
WA,2016-09-01,2016,9,2626,2626,2564492.0,12.03943512004864,71.5196398870841
WA,2016-10-01,2016,10,577,577,2569606.0,15.29340016835177,65.0759728813785
WA,2016-11-01,2016,11,205,205,2569606.0,19.880307257141872,55.68927239316746
WA,2016-12-01,2016,12,151,151,2569606.0,21.22378938293723,55.29209428845389
WA,2017-01-01,2017,1,138,138,2579276.0,23.377096774174536,53.066442707367685
WA,2017-02-01,2017,2,125,125,2579276.0,22.87699308034916,62.52494276027301
WA,2017-03-01,2017,3,158,158,2579276.0,21.1822208600132,62.51685249653843
WA,2017-04-01,2017,4,93,93,2585720.0,18.622399027496705,62.13884533748588
WA,2017-05-01,2017,5,148,148,2585720.0,15.546995840057043,70.01528796696131
WA,2017-06-01,2017,6,294,294,2585720.0,13.64026725656806,67.15218074386836
WA,2017-07-01,2017,7,542,542,2594138.0,12.505257641681052,77.0399935939763
WA,2017-08-01,2017,8,1064,1064,2594138.0,12.959406701779244,75.72950692106507
WA,2017-09-01,2017,9,2038,2038,2594138.0,14.29141290563948,71.19477535292862
WA,2017-10-01,2017,10,785,785,2599928.0,16.350228902680424,65.23212990121185
WA,2017-11-01,2017,11,357,357,2599928.0,21.36983758242184,54.66253743123981
WA,2017-12-01,2017,12,274,274,2599928.0,22.44917617356848,53.742143455740376
WA,2018-01-01,2018,1,238,238,2610320.0,23.369930530428142,56.432974121967305
WA,2018-02-01,2018,2,334,334,2610320.0,22.71054580755323,60.19042790466791
WA,2018-03-01,2018,3,288,288,2610320.0,22.752239007211173,58.20806458944449
WA,2018-04-01,2018,4,150,150,2617792.0,18.82535132196699,67.40366037285476
WA,2018-05-01,2018,5,196,196,2617792.0,16.109927905729506,59.430819779179565
WA,2018-06-01,2018,6,501,501,2617792.0,12.911753800637532,76.27345734489933
WA,2018-07-01,2018,7,670,670,2628121.0,13.127982339919672,76.17189647806414
WA,2018-08-01,2018,8,1023,1023,2628121.0,12.028771991523424,75.18925243002376
WA,2018-09-01,2018,9,1086,1086,2628121.0,13.682737488914023,71.48896988687909
WA,2018-10-01,2018,10,598,598,2636404.0,16.957932942655344,69.93263526037246
WA,2018-11-01,2018,11,404,404,2636404.0,18.22911936121704,60.34904860343232
WA,2018-12-01,2018,12,363,363,2636404.0,21.91683033037173,56.4364465740125
WA,2019-01-01,2019,1,531,531,2649641.0,22.866462216829607,54.08918401697159
WA,2019-02-01,2019,2,498,498,2649641.0,23.684392305009517,55.11279042325357
WA,2019-03-01,2019,3,496,496,2649641.0,22.670314214116875,57.69762115830199
WA,2019-04-01,2019,4,512,512,2659625.0,18.241922341363026,61.4202454020754
WA,2019-05-01,2019,5,4056,4056,2659625.0,14.523187137849453,62.72411004298532
WA,2019-06-01,2019,6,10133,10133,2659625.0,13.35271498447947,69.13348205395117
WA,2019-07-01,2019,7,4766,4766,2674246.0,12.64258627866484,77.25980397535459
WA,2019-08-01,2019,8,1220,1220,2674246.0,13.165294711187515,68.53855812623219
WA,2019-09-01,2019,9,372,372,2674246.0,15.257320118662491,68.92769030366291
WA,2019-10-01,2019,10,200,200,2688799.0,17.242585061648104,64.91295846274065
WA,2019-11-01,2019,11,221,221,2688799.0,21.05281778388832,51.72685130666847
WA,2019-12-01,2019,12,223,223,2688799.0,25.015205295150587,48.33963220418539
WA,2022-01-01,2022,1,4,9,2777252.0,25.38663091573669,48.07540883013882
WA,2022-02-01,2022,2,7,7,2777252.0,25.510529987847423,50.25719062262993
WA,2022-03-01,2022,3,7,9,2777252.0,22.83359271117987,59.53434106718816
WA,2022-04-01,2022,4,23,23,2791794.0,18.418941187147045,65.3642774087473
WA,2022-05-01,2022,5,369,369,2791794.0,15.138055336552538,72.02753009928026
WA,2022-06-01,2022,6,3027,3027,2791794.0,13.486924891481522,78.28944438657638
WA,2022-07-01,2022,7,7221,7221,2812331.0,12.558294206043216,74.60612540816628
WA,2022-08-01,2022,8,1661,1661,2812331.0,12.188047416391408,73.4035888097304
WA,2022-09-01,2022,9,625,625,2812331.0,14.203519803802443,71.93139239990994
WA,2022-10-01,2022,10,314,314,2834117.0,14.87706126691366,66.96881049115818
WA,2022-11-01,2022,11,312,312,2834117.0,18.349941376477517,60.43153659640799
WA,2022-12-01,2022,12,424,424,2834117.0,22.29593956923829,51.92666184711764
