state,yearMonth,year,month,observed,qrtlyPopn,popn
NSW,1/1/2008,2008,1,12,,6919907
NSW,1/2/2008,2008,2,27,,6919907
NSW,1/3/2008,2008,3,44,6919907,6919907
NSW,1/4/2008,2008,4,31,,6943461
NSW,1/5/2008,2008,5,90,,6943461
NSW,1/6/2008,2008,6,70,6943461,6943461
NSW,1/7/2008,2008,7,200,,6972395
NSW,1/8/2008,2008,8,483,,6972395
NSW,1/9/2008,2008,9,441,6972395,6972395
NSW,1/10/2008,2008,10,244,,7001782
NSW,1/11/2008,2008,11,124,,7001782
NSW,1/12/2008,2008,12,76,7001782,7001782
NSW,1/1/2009,2009,1,110,,7032423
NSW,1/2/2009,2009,2,49,,7032423
NSW,1/3/2009,2009,3,75,7032423,7032423
NSW,1/4/2009,2009,4,93,,7053755
NSW,1/5/2009,2009,5,448,,7053755
NSW,1/6/2009,2009,6,3065,7053755,7053755
NSW,1/7/2009,2009,7,7846,,7079175
NSW,1/8/2009,2009,8,912,,7079175
NSW,1/9/2009,2009,9,123,7079175,7079175
NSW,1/10/2009,2009,10,51,,7101504
NSW,1/11/2009,2009,11,30,,7101504
NSW,1/12/2009,2009,12,47,7101504,7101504
NSW,1/1/2010,2010,1,55,,7128356
NSW,1/2/2010,2010,2,35,,7128356
NSW,1/3/2010,2010,3,35,7128356,7128356
NSW,1/4/2010,2010,4,74,,7144292
NSW,1/5/2010,2010,5,52,,7144292
NSW,1/6/2010,2010,6,41,7144292,7144292
NSW,1/7/2010,2010,7,112,,7162726
NSW,1/8/2010,2010,8,243,,7162726
NSW,1/9/2010,2010,9,380,7162726,7162726
NSW,1/10/2010,2010,10,336,,7179891
NSW,1/11/2010,2010,11,92,,7179891
NSW,1/12/2010,2010,12,112,7179891,7179891
NSW,1/1/2011,2011,1,129,,7204737
NSW,1/2/2011,2011,2,105,,7204737
NSW,1/3/2011,2011,3,134,7204737,7204737
NSW,1/4/2011,2011,4,126,,7218529
NSW,1/5/2011,2011,5,155,,7218529
NSW,1/6/2011,2011,6,489,7218529,7218529
NSW,1/7/2011,2011,7,1752,,7239528
NSW,1/8/2011,2011,8,1434,,7239528
NSW,1/9/2011,2011,9,825,7239528,7239528
NSW,1/10/2011,2011,10,322,,7258722
NSW,1/11/2011,2011,11,182,,7258722
NSW,1/12/2011,2011,12,138,7258722,7258722
NSW,1/1/2012,2012,1,55,,7284982
NSW,1/2/2012,2012,2,56,,7284982
NSW,1/3/2012,2012,3,134,7284982,7284982
NSW,1/4/2012,2012,4,82,,7304244
NSW,1/5/2012,2012,5,233,,7304244
NSW,1/6/2012,2012,6,2064,7304244,7304244
NSW,1/7/2012,2012,7,2233,,7327614
NSW,1/8/2012,2012,8,1837,,7327614
NSW,1/9/2012,2012,9,784,7327614,7327614
NSW,1/10/2012,2012,10,262,,7353189
NSW,1/11/2012,2012,11,152,,7353189
NSW,1/12/2012,2012,12,97,7353189,7353189
NSW,1/1/2013,2013,1,95,,7382957
NSW,1/2/2013,2013,2,130,,7382957
NSW,1/3/2013,2013,3,169,7382957,7382957
NSW,1/4/2013,2013,4,119,,7404032
NSW,1/5/2013,2013,5,182,,7404032
NSW,1/6/2013,2013,6,335,7404032,7404032
NSW,1/7/2013,2013,7,759,,7430904
NSW,1/8/2013,2013,8,3331,,7430904
NSW,1/9/2013,2013,9,2124,7430904,7430904
NSW,1/10/2013,2013,10,622,,7454938
NSW,1/11/2013,2013,11,342,,7454938
NSW,1/12/2013,2013,12,172,7454938,7454938
NSW,1/1/2014,2014,1,300,,7487834
NSW,1/2/2014,2014,2,220,,7487834
NSW,1/3/2014,2014,3,197,7487834,7487834
NSW,1/4/2014,2014,4,197,,7508353
NSW,1/5/2014,2014,5,283,,7508353
NSW,1/6/2014,2014,6,494,7508353,7508353
NSW,1/7/2014,2014,7,2864,,7536277
NSW,1/8/2014,2014,8,11225,,7536277
NSW,1/9/2014,2014,9,3833,7536277,7536277
NSW,1/10/2014,2014,10,832,,7562171
NSW,1/11/2014,2014,11,210,,7562171
NSW,1/12/2014,2014,12,214,7562171,7562171
NSW,1/1/2015,2015,1,321,,7595731
NSW,1/2/2015,2015,2,350,,7595731
NSW,1/3/2015,2015,3,402,7595731,7595731
NSW,1/4/2015,2015,4,364,,7616168
NSW,1/5/2015,2015,5,486,,7616168
NSW,1/6/2015,2015,6,926,7616168,7616168
NSW,1/7/2015,2015,7,3360,,7645324
NSW,1/8/2015,2015,8,11864,,7645324
NSW,1/9/2015,2015,9,9948,7645324,7645324
NSW,1/10/2015,2015,10,1804,,7671401
NSW,1/11/2015,2015,11,284,,7671401
NSW,1/12/2015,2015,12,152,7671401,7671401
NSW,1/1/2016,2016,1,379,,7707412
NSW,1/2/2016,2016,2,579,,7707412
NSW,1/3/2016,2016,3,662,7707412,7707412
NSW,1/4/2016,2016,4,874,,7732858
NSW,1/5/2016,2016,5,621,,7732858
NSW,1/6/2016,2016,6,999,7732858,7732858
NSW,1/7/2016,2016,7,4688,,7767915
NSW,1/8/2016,2016,8,11414,,7767915
NSW,1/9/2016,2016,9,11772,7767915,7767915
NSW,1/10/2016,2016,10,2050,,7795625
NSW,1/11/2016,2016,11,930,,7795625
NSW,1/12/2016,2016,12,640,7795625,7795625
NSW,1/1/2017,2017,1,668,,7833463
NSW,1/2/2017,2017,2,699,,7833463
NSW,1/3/2017,2017,3,962,7833463,7833463
NSW,1/4/2017,2017,4,523,,7855316
NSW,1/5/2017,2017,5,871,,7855316
NSW,1/6/2017,2017,6,3580,7855316,7855316
NSW,1/7/2017,2017,7,14727,,7884752
NSW,1/8/2017,2017,8,43848,,7884752
NSW,1/9/2017,2017,9,33126,7884752,7884752
NSW,1/10/2017,2017,10,3663,,7900946
NSW,1/11/2017,2017,11,625,,7900946
NSW,1/12/2017,2017,12,506,7900946,7900946
NSW,1/1/2018,2018,1,1108,,7934688
NSW,1/2/2018,2018,2,1175,,7934688
NSW,1/3/2018,2018,3,1030,7934688,7934688
NSW,1/4/2018,2018,4,433,,7954476
NSW,1/5/2018,2018,5,393,,7954476
NSW,1/6/2018,2018,6,676,7954476,7954476
NSW,1/7/2018,2018,7,1334,,7984525
NSW,1/8/2018,2018,8,3997,,7984525
NSW,1/9/2018,2018,9,3979,7984525,7984525
NSW,1/10/2018,2018,10,1373,,8003564
NSW,1/11/2018,2018,11,1018,,8003564
NSW,1/12/2018,2018,12,950,8003564,8003564
NSW,1/1/2019,2019,1,1767,,8032991
NSW,1/2/2019,2019,2,2303,,8032991
NSW,1/3/2019,2019,3,3484,8032991,8032991
NSW,1/4/2019,2019,4,3030,,8046748
NSW,1/5/2019,2019,5,8653,,8046748
NSW,1/6/2019,2019,6,22621,8046748,8046748
NSW,1/7/2019,2019,7,29202,,8071350
NSW,1/8/2019,2019,8,29472,,8071350
NSW,1/9/2019,2019,9,11010,8071350,8071350
NSW,1/10/2019,2019,10,2287,,8088361
NSW,1/11/2019,2019,11,1421,,8088361
NSW,1/12/2019,2019,12,1163,8088361,8088361
NSW,1/1/2020,2020,1,2817,,8112001
NSW,1/2/2020,2020,2,2588,,8112001
NSW,1/3/2020,2020,3,1629,8112001,8112001
NSW,1/4/2020,2020,4,66,,8110610
NSW,1/5/2020,2020,5,67,,8110610
NSW,1/6/2020,2020,6,45,8110610,8110610
NSW,1/7/2020,2020,7,50,,8098905
NSW,1/8/2020,2020,8,21,,8098905
NSW,1/9/2020,2020,9,19,8098905,8098905
NSW,1/10/2020,2020,10,8,,8094300
NSW,1/11/2020,2020,11,12,,8094300
NSW,1/12/2020,2020,12,7,8094300,8094300
NSW,1/1/2021,2021,1,10,,8093015
NSW,1/2/2021,2021,2,3,,8093015
NSW,1/3/2021,2021,3,1,8093015,8093015
NSW,1/4/2021,2021,4,7,,8097062
NSW,1/5/2021,2021,5,15,,8097062
NSW,1/6/2021,2021,6,12,8097062,8097062
NSW,1/7/2021,2021,7,13,,8088503
NSW,1/8/2021,2021,8,6,,8088503
NSW,1/9/2021,2021,9,4,8088503,8088503
NSW,1/10/2021,2021,10,9,,8101223
NSW,1/11/2021,2021,11,17,,8101223
NSW,1/12/2021,2021,12,44,8101223,8101223
NSW,1/1/2022,2022,1,12,,8137688
NSW,1/2/2022,2022,2,21,,8137688
NSW,1/3/2022,2022,3,270,8137688,8137688
NSW,1/4/2022,2022,4,3067,,8166704
NSW,1/5/2022,2022,5,24641,,8166704
NSW,1/6/2022,2022,6,64238,8166704,8166704
NSW,1/7/2022,2022,7,18496,,8208590
NSW,1/8/2022,2022,8,2108,,8208590
NSW,1/9/2022,2022,9,660,8208590,8208590
NSW,1/10/2022,2022,10,517,,8249295
NSW,1/11/2022,2022,11,678,,8249295
NSW,1/12/2022,2022,12,1667,8249295,8249295
NT,1/1/2008,2008,1,5,,217912
NT,1/2/2008,2008,2,17,,217912
NT,1/3/2008,2008,3,8,217912,217912
NT,1/4/2008,2008,4,4,,219874
NT,1/5/2008,2008,5,2,,219874
NT,1/6/2008,2008,6,1,219874,219874
NT,1/7/2008,2008,7,4,,221464
NT,1/8/2008,2008,8,39,,221464
NT,1/9/2008,2008,9,59,221464,221464
NT,1/10/2008,2008,10,32,,222526
NT,1/11/2008,2008,11,23,,222526
NT,1/12/2008,2008,12,6,222526,222526
NT,1/1/2009,2009,1,11,,223922
NT,1/2/2009,2009,2,1,,223922
NT,1/3/2009,2009,3,4,223922,223922
NT,1/4/2009,2009,4,1,,226027
NT,1/5/2009,2009,5,41,,226027
NT,1/6/2009,2009,6,388,226027,226027
NT,1/7/2009,2009,7,1242,,227255
NT,1/8/2009,2009,8,211,,227255
NT,1/9/2009,2009,9,51,227255,227255
NT,1/10/2009,2009,10,15,,227783
NT,1/11/2009,2009,11,8,,227783
NT,1/12/2009,2009,12,6,227783,227783
NT,1/1/2010,2010,1,3,,228600
NT,1/2/2010,2010,2,0,,228600
NT,1/3/2010,2010,3,2,228600,228600
NT,1/4/2010,2010,4,2,,229778
NT,1/5/2010,2010,5,1,,229778
NT,1/6/2010,2010,6,21,229778,229778
NT,1/7/2010,2010,7,26,,230460
NT,1/8/2010,2010,8,26,,230460
NT,1/9/2010,2010,9,151,230460,230460
NT,1/10/2010,2010,10,107,,230299
NT,1/11/2010,2010,11,55,,230299
NT,1/12/2010,2010,12,89,230299,230299
NT,1/1/2011,2011,1,65,,230224
NT,1/2/2011,2011,2,109,,230224
NT,1/3/2011,2011,3,126,230224,230224
NT,1/4/2011,2011,4,29,,231292
NT,1/5/2011,2011,5,5,,231292
NT,1/6/2011,2011,6,4,231292,231292
NT,1/7/2011,2011,7,13,,232581
NT,1/8/2011,2011,8,43,,232581
NT,1/9/2011,2011,9,142,232581,232581
NT,1/10/2011,2011,10,34,,232952
NT,1/11/2011,2011,11,11,,232952
NT,1/12/2011,2011,12,12,232952,232952
NT,1/1/2012,2012,1,7,,234275
NT,1/2/2012,2012,2,1,,234275
NT,1/3/2012,2012,3,14,234275,234275
NT,1/4/2012,2012,4,23,,235915
NT,1/5/2012,2012,5,37,,235915
NT,1/6/2012,2012,6,86,235915,235915
NT,1/7/2012,2012,7,90,,237517
NT,1/8/2012,2012,8,79,,237517
NT,1/9/2012,2012,9,37,237517,237517
NT,1/10/2012,2012,10,28,,238728
NT,1/11/2012,2012,11,36,,238728
NT,1/12/2012,2012,12,5,238728,238728
NT,1/1/2013,2013,1,7,,240107
NT,1/2/2013,2013,2,36,,240107
NT,1/3/2013,2013,3,89,240107,240107
NT,1/4/2013,2013,4,19,,241722
NT,1/5/2013,2013,5,11,,241722
NT,1/6/2013,2013,6,8,241722,241722
NT,1/7/2013,2013,7,8,,242301
NT,1/8/2013,2013,8,32,,242301
NT,1/9/2013,2013,9,70,242301,242301
NT,1/10/2013,2013,10,57,,242304
NT,1/11/2013,2013,11,57,,242304
NT,1/12/2013,2013,12,76,242304,242304
NT,1/1/2014,2014,1,98,,242790
NT,1/2/2014,2014,2,125,,242790
NT,1/3/2014,2014,3,29,242790,242790
NT,1/4/2014,2014,4,29,,242894
NT,1/5/2014,2014,5,10,,242894
NT,1/6/2014,2014,6,12,242894,242894
NT,1/7/2014,2014,7,31,,243201
NT,1/8/2014,2014,8,186,,243201
NT,1/9/2014,2014,9,183,243201,243201
NT,1/10/2014,2014,10,64,,242753
NT,1/11/2014,2014,11,18,,242753
NT,1/12/2014,2014,12,33,242753,242753
NT,1/1/2015,2015,1,20,,243059
NT,1/2/2015,2015,2,7,,243059
NT,1/3/2015,2015,3,11,243059,243059
NT,1/4/2015,2015,4,17,,244692
NT,1/5/2015,2015,5,17,,244692
NT,1/6/2015,2015,6,15,244692,244692
NT,1/7/2015,2015,7,42,,244570
NT,1/8/2015,2015,8,117,,244570
NT,1/9/2015,2015,9,172,244570,244570
NT,1/10/2015,2015,10,126,,244090
NT,1/11/2015,2015,11,91,,244090
NT,1/12/2015,2015,12,41,244090,244090
NT,1/1/2016,2016,1,36,,244627
NT,1/2/2016,2016,2,23,,244627
NT,1/3/2016,2016,3,14,244627,244627
NT,1/4/2016,2016,4,27,,245678
NT,1/5/2016,2016,5,17,,245678
NT,1/6/2016,2016,6,10,245678,245678
NT,1/7/2016,2016,7,35,,246443
NT,1/8/2016,2016,8,81,,246443
NT,1/9/2016,2016,9,251,246443,246443
NT,1/10/2016,2016,10,106,,246065
NT,1/11/2016,2016,11,36,,246065
NT,1/12/2016,2016,12,69,246065,246065
NT,1/1/2017,2017,1,75,,246231
NT,1/2/2017,2017,2,236,,246231
NT,1/3/2017,2017,3,162,246231,246231
NT,1/4/2017,2017,4,30,,247412
NT,1/5/2017,2017,5,24,,247412
NT,1/6/2017,2017,6,27,247412,247412
NT,1/7/2017,2017,7,59,,247514
NT,1/8/2017,2017,8,263,,247514
NT,1/9/2017,2017,9,367,247514,247514
NT,1/10/2017,2017,10,153,,246862
NT,1/11/2017,2017,11,46,,246862
NT,1/12/2017,2017,12,30,246862,246862
NT,1/1/2018,2018,1,36,,246674
NT,1/2/2018,2018,2,19,,246674
NT,1/3/2018,2018,3,35,246674,246674
NT,1/4/2018,2018,4,9,,247095
NT,1/5/2018,2018,5,15,,247095
NT,1/6/2018,2018,6,9,247095,247095
NT,1/7/2018,2018,7,5,,247006
NT,1/8/2018,2018,8,18,,247006
NT,1/9/2018,2018,9,31,247006,247006
NT,1/10/2018,2018,10,33,,245920
NT,1/11/2018,2018,11,341,,245920
NT,1/12/2018,2018,12,629,245920,245920
NT,1/1/2019,2019,1,129,,246016
NT,1/2/2019,2019,2,70,,246016
NT,1/3/2019,2019,3,111,246016,246016
NT,1/4/2019,2019,4,267,,246559
NT,1/5/2019,2019,5,267,,246559
NT,1/6/2019,2019,6,142,246559,246559
NT,1/7/2019,2019,7,143,,246677
NT,1/8/2019,2019,8,155,,246677
NT,1/9/2019,2019,9,129,246677,246677
NT,1/10/2019,2019,10,78,,246213
NT,1/11/2019,2019,11,79,,246213
NT,1/12/2019,2019,12,175,246213,246213
NT,1/1/2020,2020,1,115,,246969
NT,1/2/2020,2020,2,63,,246969
NT,1/3/2020,2020,3,89,246969,246969
NT,1/4/2020,2020,4,16,,247428
NT,1/5/2020,2020,5,4,,247428
NT,1/6/2020,2020,6,0,247428,247428
NT,1/7/2020,2020,7,0,,247755
NT,1/8/2020,2020,8,1,,247755
NT,1/9/2020,2020,9,0,247755,247755
NT,1/10/2020,2020,10,2,,247819
NT,1/11/2020,2020,11,0,,247819
NT,1/12/2020,2020,12,0,247819,247819
NT,1/1/2021,2021,1,0,,248185
NT,1/2/2021,2021,2,2,,248185
NT,1/3/2021,2021,3,5,248185,248185
NT,1/4/2021,2021,4,5,,248151
NT,1/5/2021,2021,5,6,,248151
NT,1/6/2021,2021,6,1,248151,248151
NT,1/7/2021,2021,7,0,,248387
NT,1/8/2021,2021,8,15,,248387
NT,1/9/2021,2021,9,10,248387,248387
NT,1/10/2021,2021,10,15,,248125
NT,1/11/2021,2021,11,11,,248125
NT,1/12/2021,2021,12,11,248125,248125
NT,1/1/2022,2022,1,0,,249525
NT,1/2/2022,2022,2,1,,249525
NT,1/3/2022,2022,3,1,249525,249525
NT,1/4/2022,2022,4,110,,250228
NT,1/5/2022,2022,5,1827,,250228
NT,1/6/2022,2022,6,2493,250228,250228
NT,1/7/2022,2022,7,279,,250704
NT,1/8/2022,2022,8,19,,250704
NT,1/9/2022,2022,9,11,250704,250704
NT,1/10/2022,2022,10,11,,251248
NT,1/11/2022,2022,11,6,,251248
NT,1/12/2022,2022,12,37,251248,251248
QLD,1/1/2008,2008,1,56,,4191479
QLD,1/2/2008,2008,2,89,,4191479
QLD,1/3/2008,2008,3,66,4191479,4191479
QLD,1/4/2008,2008,4,81,,4219505
QLD,1/5/2008,2008,5,103,,4219505
QLD,1/6/2008,2008,6,108,4219505,4219505
QLD,1/7/2008,2008,7,170,,4247991
QLD,1/8/2008,2008,8,1397,,4247991
QLD,1/9/2008,2008,9,1219,4247991,4247991
QLD,1/10/2008,2008,10,351,,4275551
QLD,1/11/2008,2008,11,28,,4275551
QLD,1/12/2008,2008,12,34,4275551,4275551
QLD,1/1/2009,2009,1,40,,4305605
QLD,1/2/2009,2009,2,36,,4305605
QLD,1/3/2009,2009,3,25,4305605,4305605
QLD,1/4/2009,2009,4,28,,4328771
QLD,1/5/2009,2009,5,325,,4328771
QLD,1/6/2009,2009,6,1894,4328771,4328771
QLD,1/7/2009,2009,7,12420,,4350135
QLD,1/8/2009,2009,8,2798,,4350135
QLD,1/9/2009,2009,9,463,4350135,4350135
QLD,1/10/2009,2009,10,147,,4367454
QLD,1/11/2009,2009,11,77,,4367454
QLD,1/12/2009,2009,12,56,4367454,4367454
QLD,1/1/2010,2010,1,49,,4387801
QLD,1/2/2010,2010,2,55,,4387801
QLD,1/3/2010,2010,3,71,4387801,4387801
QLD,1/4/2010,2010,4,100,,4404744
QLD,1/5/2010,2010,5,70,,4404744
QLD,1/6/2010,2010,6,83,4404744,4404744
QLD,1/7/2010,2010,7,231,,4421470
QLD,1/8/2010,2010,8,457,,4421470
QLD,1/9/2010,2010,9,684,4421470,4421470
QLD,1/10/2010,2010,10,526,,4436882
QLD,1/11/2010,2010,11,356,,4436882
QLD,1/12/2010,2010,12,545,4436882,4436882
QLD,1/1/2011,2011,1,385,,4457971
QLD,1/2/2011,2011,2,364,,4457971
QLD,1/3/2011,2011,3,410,4457971,4457971
QLD,1/4/2011,2011,4,381,,4476778
QLD,1/5/2011,2011,5,269,,4476778
QLD,1/6/2011,2011,6,810,4476778,4476778
QLD,1/7/2011,2011,7,2623,,4498104
QLD,1/8/2011,2011,8,3218,,4498104
QLD,1/9/2011,2011,9,1283,4498104,4498104
QLD,1/10/2011,2011,10,345,,4518649
QLD,1/11/2011,2011,11,150,,4518649
QLD,1/12/2011,2011,12,136,4518649,4518649
QLD,1/1/2012,2012,1,88,,4545613
QLD,1/2/2012,2012,2,112,,4545613
QLD,1/3/2012,2012,3,194,4545613,4545613
QLD,1/4/2012,2012,4,154,,4568687
QLD,1/5/2012,2012,5,255,,4568687
QLD,1/6/2012,2012,6,1328,4568687,4568687
QLD,1/7/2012,2012,7,3916,,4592100
QLD,1/8/2012,2012,8,8075,,4592100
QLD,1/9/2012,2012,9,1925,4592100,4592100
QLD,1/10/2012,2012,10,410,,4611304
QLD,1/11/2012,2012,11,265,,4611304
QLD,1/12/2012,2012,12,108,4611304,4611304
QLD,1/1/2013,2013,1,211,,4634430
QLD,1/2/2013,2013,2,238,,4634430
QLD,1/3/2013,2013,3,354,4634430,4634430
QLD,1/4/2013,2013,4,198,,4652824
QLD,1/5/2013,2013,5,253,,4652824
QLD,1/6/2013,2013,6,190,4652824,4652824
QLD,1/7/2013,2013,7,370,,4670784
QLD,1/8/2013,2013,8,1180,,4670784
QLD,1/9/2013,2013,9,995,4670784,4670784
QLD,1/10/2013,2013,10,560,,4685439
QLD,1/11/2013,2013,11,577,,4685439
QLD,1/12/2013,2013,12,357,4685439,4685439
QLD,1/1/2014,2014,1,486,,4705187
QLD,1/2/2014,2014,2,386,,4705187
QLD,1/3/2014,2014,3,448,4705187,4705187
QLD,1/4/2014,2014,4,362,,4719653
QLD,1/5/2014,2014,5,531,,4719653
QLD,1/6/2014,2014,6,569,4719653,4719653
QLD,1/7/2014,2014,7,1867,,4734613
QLD,1/8/2014,2014,8,7593,,4734613
QLD,1/9/2014,2014,9,3797,4734613,4734613
QLD,1/10/2014,2014,10,1185,,4747263
QLD,1/11/2014,2014,11,301,,4747263
QLD,1/12/2014,2014,12,339,4747263,4747263
QLD,1/1/2015,2015,1,527,,4764439
QLD,1/2/2015,2015,2,378,,4764439
QLD,1/3/2015,2015,3,475,4764439,4764439
QLD,1/4/2015,2015,4,567,,4777692
QLD,1/5/2015,2015,5,854,,4777692
QLD,1/6/2015,2015,6,1054,4777692,4777692
QLD,1/7/2015,2015,7,3889,,4791520
QLD,1/8/2015,2015,8,11145,,4791520
QLD,1/9/2015,2015,9,7086,4791520,4791520
QLD,1/10/2015,2015,10,1503,,4804933
QLD,1/11/2015,2015,11,360,,4804933
QLD,1/12/2015,2015,12,243,4804933,4804933
QLD,1/1/2016,2016,1,418,,4826538
QLD,1/2/2016,2016,2,697,,4826538
QLD,1/3/2016,2016,3,1049,4826538,4826538
QLD,1/4/2016,2016,4,949,,4845152
QLD,1/5/2016,2016,5,598,,4845152
QLD,1/6/2016,2016,6,626,4845152,4845152
QLD,1/7/2016,2016,7,2229,,4865303
QLD,1/8/2016,2016,8,6062,,4865303
QLD,1/9/2016,2016,9,6730,4865303,4865303
QLD,1/10/2016,2016,10,2077,,4882939
QLD,1/11/2016,2016,11,959,,4882939
QLD,1/12/2016,2016,12,947,4882939,4882939
QLD,1/1/2017,2017,1,861,,4906370
QLD,1/2/2017,2017,2,982,,4906370
QLD,1/3/2017,2017,3,1128,4906370,4906370
QLD,1/4/2017,2017,4,608,,4926380
QLD,1/5/2017,2017,5,736,,4926380
QLD,1/6/2017,2017,6,1978,4926380,4926380
QLD,1/7/2017,2017,7,5106,,4945129
QLD,1/8/2017,2017,8,19920,,4945129
QLD,1/9/2017,2017,9,20129,4945129,4945129
QLD,1/10/2017,2017,10,3150,,4960965
QLD,1/11/2017,2017,11,1069,,4960965
QLD,1/12/2017,2017,12,939,4960965,4960965
QLD,1/1/2018,2018,1,942,,4985955
QLD,1/2/2018,2018,2,1048,,4985955
QLD,1/3/2018,2018,3,1346,4985955,4985955
QLD,1/4/2018,2018,4,690,,5006623
QLD,1/5/2018,2018,5,493,,5006623
QLD,1/6/2018,2018,6,649,5006623,5006623
QLD,1/7/2018,2018,7,864,,5027543
QLD,1/8/2018,2018,8,2259,,5027543
QLD,1/9/2018,2018,9,2385,5027543,5027543
QLD,1/10/2018,2018,10,1456,,5046434
QLD,1/11/2018,2018,11,1578,,5046434
QLD,1/12/2018,2018,12,1907,5046434,5046434
QLD,1/1/2019,2019,1,1807,,5070306
QLD,1/2/2019,2019,2,1974,,5070306
QLD,1/3/2019,2019,3,2993,5070306,5070306
QLD,1/4/2019,2019,4,2743,,5088847
QLD,1/5/2019,2019,5,3707,,5088847
QLD,1/6/2019,2019,6,8285,5088847,5088847
QLD,1/7/2019,2019,7,11743,,5110540
QLD,1/8/2019,2019,8,21901,,5110540
QLD,1/9/2019,2019,9,9867,5110540,5110540
QLD,1/10/2019,2019,10,1791,,5129741
QLD,1/11/2019,2019,11,787,,5129741
QLD,1/12/2019,2019,12,584,5129741,5129741
QLD,1/1/2020,2020,1,1686,,5154305
QLD,1/2/2020,2020,2,1946,,5154305
QLD,1/3/2020,2020,3,2091,5154305,5154305
QLD,1/4/2020,2020,4,80,,5165613
QLD,1/5/2020,2020,5,80,,5165613
QLD,1/6/2020,2020,6,46,5165613,5165613
QLD,1/7/2020,2020,7,59,,5173071
QLD,1/8/2020,2020,8,48,,5173071
QLD,1/9/2020,2020,9,31,5173071,5173071
QLD,1/10/2020,2020,10,14,,5184329
QLD,1/11/2020,2020,11,19,,5184329
QLD,1/12/2020,2020,12,13,5184329,5184329
QLD,1/1/2021,2021,1,25,,5199548
QLD,1/2/2021,2021,2,22,,5199548
QLD,1/3/2021,2021,3,25,5199548,5199548
QLD,1/4/2021,2021,4,35,,5215814
QLD,1/5/2021,2021,5,29,,5215814
QLD,1/6/2021,2021,6,29,5215814,5215814
QLD,1/7/2021,2021,7,35,,5235256
QLD,1/8/2021,2021,8,13,,5235256
QLD,1/9/2021,2021,9,34,5235256,5235256
QLD,1/10/2021,2021,10,17,,5261012
QLD,1/11/2021,2021,11,18,,5261012
QLD,1/12/2021,2021,12,18,5261012,5261012
QLD,1/1/2022,2022,1,3,,5294256
QLD,1/2/2022,2022,2,1,,5294256
QLD,1/3/2022,2022,3,15,5294256,5294256
QLD,1/4/2022,2022,4,839,,5320941
QLD,1/5/2022,2022,5,11939,,5320941
QLD,1/6/2022,2022,6,19477,5320941,5320941
QLD,1/7/2022,2022,7,8396,,5351935
QLD,1/8/2022,2022,8,1332,,5351935
QLD,1/9/2022,2022,9,615,5351935,5351935
QLD,1/10/2022,2022,10,229,,5386914
QLD,1/11/2022,2022,11,451,,5386914
QLD,1/12/2022,2022,12,1141,5386914,5386914
SA,1/1/2008,2008,1,0,,1584408
SA,1/2/2008,2008,2,0,,1584408
SA,1/3/2008,2008,3,0,1584408,1584408
SA,1/4/2008,2008,4,1,,1588665
SA,1/5/2008,2008,5,9,,1588665
SA,1/6/2008,2008,6,5,1588665,1588665
SA,1/7/2008,2008,7,11,,1593725
SA,1/8/2008,2008,8,50,,1593725
SA,1/9/2008,2008,9,173,1593725,1593725
SA,1/10/2008,2008,10,154,,1597880
SA,1/11/2008,2008,11,60,,1597880
SA,1/12/2008,2008,12,10,1597880,1597880
SA,1/1/2009,2009,1,3,,1604142
SA,1/2/2009,2009,2,4,,1604142
SA,1/3/2009,2009,3,10,1604142,1604142
SA,1/4/2009,2009,4,20,,1608902
SA,1/5/2009,2009,5,256,,1608902
SA,1/6/2009,2009,6,999,1608902,1608902
SA,1/7/2009,2009,7,4845,,1614593
SA,1/8/2009,2009,8,3702,,1614593
SA,1/9/2009,2009,9,715,1614593,1614593
SA,1/10/2009,2009,10,135,,1618578
SA,1/11/2009,2009,11,57,,1618578
SA,1/12/2009,2009,12,19,1618578,1618578
SA,1/1/2010,2010,1,19,,1624033
SA,1/2/2010,2010,2,13,,1624033
SA,1/3/2010,2010,3,7,1624033,1624033
SA,1/4/2010,2010,4,17,,1627322
SA,1/5/2010,2010,5,10,,1627322
SA,1/6/2010,2010,6,24,1627322,1627322
SA,1/7/2010,2010,7,124,,1630230
SA,1/8/2010,2010,8,493,,1630230
SA,1/9/2010,2010,9,2199,1630230,1630230
SA,1/10/2010,2010,10,1126,,1632482
SA,1/11/2010,2010,11,188,,1632482
SA,1/12/2010,2010,12,47,1632482,1632482
SA,1/1/2011,2011,1,80,,1636759
SA,1/2/2011,2011,2,51,,1636759
SA,1/3/2011,2011,3,51,1636759,1636759
SA,1/4/2011,2011,4,88,,1639614
SA,1/5/2011,2011,5,175,,1639614
SA,1/6/2011,2011,6,554,1639614,1639614
SA,1/7/2011,2011,7,1086,,1643402
SA,1/8/2011,2011,8,1076,,1643402
SA,1/9/2011,2011,9,1099,1643402,1643402
SA,1/10/2011,2011,10,329,,1647183
SA,1/11/2011,2011,11,104,,1647183
SA,1/12/2011,2011,12,44,1647183,1647183
SA,1/1/2012,2012,1,24,,1652716
SA,1/2/2012,2012,2,36,,1652716
SA,1/3/2012,2012,3,87,1652716,1652716
SA,1/4/2012,2012,4,68,,1656725
SA,1/5/2012,2012,5,108,,1656725
SA,1/6/2012,2012,6,1327,1656725,1656725
SA,1/7/2012,2012,7,1907,,1660198
SA,1/8/2012,2012,8,1457,,1660198
SA,1/9/2012,2012,9,404,1660198,1660198
SA,1/10/2012,2012,10,228,,1663082
SA,1/11/2012,2012,11,397,,1663082
SA,1/12/2012,2012,12,235,1663082,1663082
SA,1/1/2013,2013,1,127,,1668056
SA,1/2/2013,2013,2,80,,1668056
SA,1/3/2013,2013,3,127,1668056,1668056
SA,1/4/2013,2013,4,90,,1671488
SA,1/5/2013,2013,5,159,,1671488
SA,1/6/2013,2013,6,171,1671488,1671488
SA,1/7/2013,2013,7,358,,1675313
SA,1/8/2013,2013,8,1101,,1675313
SA,1/9/2013,2013,9,901,1675313,1675313
SA,1/10/2013,2013,10,590,,1678052
SA,1/11/2013,2013,11,749,,1678052
SA,1/12/2013,2013,12,364,1678052,1678052
SA,1/1/2014,2014,1,217,,1683544
SA,1/2/2014,2014,2,129,,1683544
SA,1/3/2014,2014,3,157,1683544,1683544
SA,1/4/2014,2014,4,125,,1686945
SA,1/5/2014,2014,5,138,,1686945
SA,1/6/2014,2014,6,244,1686945,1686945
SA,1/7/2014,2014,7,686,,1690133
SA,1/8/2014,2014,8,4092,,1690133
SA,1/9/2014,2014,9,3758,1690133,1690133
SA,1/10/2014,2014,10,1083,,1693107
SA,1/11/2014,2014,11,317,,1693107
SA,1/12/2014,2014,12,102,1693107,1693107
SA,1/1/2015,2015,1,138,,1698433
SA,1/2/2015,2015,2,223,,1698433
SA,1/3/2015,2015,3,379,1698433,1698433
SA,1/4/2015,2015,4,470,,1700668
SA,1/5/2015,2015,5,559,,1700668
SA,1/6/2015,2015,6,904,1700668,1700668
SA,1/7/2015,2015,7,2819,,1703703
SA,1/8/2015,2015,8,4984,,1703703
SA,1/9/2015,2015,9,3842,1703703,1703703
SA,1/10/2015,2015,10,1153,,1705937
SA,1/11/2015,2015,11,126,,1705937
SA,1/12/2015,2015,12,60,1705937,1705937
SA,1/1/2016,2016,1,117,,1710334
SA,1/2/2016,2016,2,133,,1710334
SA,1/3/2016,2016,3,177,1710334,1710334
SA,1/4/2016,2016,4,305,,1712843
SA,1/5/2016,2016,5,112,,1712843
SA,1/6/2016,2016,6,96,1712843,1712843
SA,1/7/2016,2016,7,411,,1717275
SA,1/8/2016,2016,8,1165,,1717275
SA,1/9/2016,2016,9,2419,1717275,1717275
SA,1/10/2016,2016,10,1352,,1719580
SA,1/11/2016,2016,11,1065,,1719580
SA,1/12/2016,2016,12,541,1719580,1719580
SA,1/1/2017,2017,1,284,,1725253
SA,1/2/2017,2017,2,334,,1725253
SA,1/3/2017,2017,3,320,1725253,1725253
SA,1/4/2017,2017,4,234,,1728673
SA,1/5/2017,2017,5,470,,1728673
SA,1/6/2017,2017,6,1400,1728673,1728673
SA,1/7/2017,2017,7,2871,,1733055
SA,1/8/2017,2017,8,6031,,1733055
SA,1/9/2017,2017,9,12458,1733055,1733055
SA,1/10/2017,2017,10,2960,,1735654
SA,1/11/2017,2017,11,756,,1735654
SA,1/12/2017,2017,12,360,1735654,1735654
SA,1/1/2018,2018,1,333,,1742255
SA,1/2/2018,2018,2,349,,1742255
SA,1/3/2018,2018,3,382,1742255,1742255
SA,1/4/2018,2018,4,181,,1746137
SA,1/5/2018,2018,5,104,,1746137
SA,1/6/2018,2018,6,120,1746137,1746137
SA,1/7/2018,2018,7,164,,1751849
SA,1/8/2018,2018,8,384,,1751849
SA,1/9/2018,2018,9,1089,1751849,1751849
SA,1/10/2018,2018,10,1063,,1755715
SA,1/11/2018,2018,11,1161,,1755715
SA,1/12/2018,2018,12,557,1755715,1755715
SA,1/1/2019,2019,1,420,,1762889
SA,1/2/2019,2019,2,764,,1762889
SA,1/3/2019,2019,3,2775,1762889,1762889
SA,1/4/2019,2019,4,6265,,1767395
SA,1/5/2019,2019,5,8016,,1767395
SA,1/6/2019,2019,6,2262,1767395,1767395
SA,1/7/2019,2019,7,1605,,1774006
SA,1/8/2019,2019,8,1647,,1774006
SA,1/9/2019,2019,9,1454,1774006,1774006
SA,1/10/2019,2019,10,778,,1778928
SA,1/11/2019,2019,11,690,,1778928
SA,1/12/2019,2019,12,407,1778928,1778928
SA,1/1/2020,2020,1,485,,1787847
SA,1/2/2020,2020,2,496,,1787847
SA,1/3/2020,2020,3,451,1787847,1787847
SA,1/4/2020,2020,4,30,,1790355
SA,1/5/2020,2020,5,43,,1790355
SA,1/6/2020,2020,6,17,1790355,1790355
SA,1/7/2020,2020,7,18,,1792178
SA,1/8/2020,2020,8,3,,1792178
SA,1/9/2020,2020,9,0,1792178,1792178
SA,1/10/2020,2020,10,3,,1794514
SA,1/11/2020,2020,11,3,,1794514
SA,1/12/2020,2020,12,3,1794514,1794514
SA,1/1/2021,2021,1,3,,1798586
SA,1/2/2021,2021,2,1,,1798586
SA,1/3/2021,2021,3,5,1798586,1798586
SA,1/4/2021,2021,4,2,,1802601
SA,1/5/2021,2021,5,4,,1802601
SA,1/6/2021,2021,6,0,1802601,1802601
SA,1/7/2021,2021,7,1,,1802068
SA,1/8/2021,2021,8,4,,1802068
SA,1/9/2021,2021,9,4,1802068,1802068
SA,1/10/2021,2021,10,4,,1805733
SA,1/11/2021,2021,11,8,,1805733
SA,1/12/2021,2021,12,4,1805733,1805733
SA,1/1/2022,2022,1,2,,1815442
SA,1/2/2022,2022,2,1,,1815442
SA,1/3/2022,2022,3,4,1815442,1815442
SA,1/4/2022,2022,4,268,,1821215
SA,1/5/2022,2022,5,1726,,1821215
SA,1/6/2022,2022,6,4428,1821215,1821215
SA,1/7/2022,2022,7,3999,,1829316
SA,1/8/2022,2022,8,649,,1829316
SA,1/9/2022,2022,9,375,1829316,1829316
SA,1/10/2022,2022,10,172,,1836096
SA,1/11/2022,2022,11,144,,1836096
SA,1/12/2022,2022,12,323,1836096,1836096
TAS,1/1/2008,2008,1,2,,497552
TAS,1/2/2008,2008,2,2,,497552
TAS,1/3/2008,2008,3,2,497552,497552
TAS,1/4/2008,2008,4,2,,498568
TAS,1/5/2008,2008,5,6,,498568
TAS,1/6/2008,2008,6,10,498568,498568
TAS,1/7/2008,2008,7,5,,500062
TAS,1/8/2008,2008,8,55,,500062
TAS,1/9/2008,2008,9,222,500062,500062
TAS,1/10/2008,2008,10,61,,501774
TAS,1/11/2008,2008,11,17,,501774
TAS,1/12/2008,2008,12,1,501774,501774
TAS,1/1/2009,2009,1,0,,503431
TAS,1/2/2009,2009,2,0,,503431
TAS,1/3/2009,2009,3,2,503431,503431
TAS,1/4/2009,2009,4,3,,504353
TAS,1/5/2009,2009,5,19,,504353
TAS,1/6/2009,2009,6,186,504353,504353
TAS,1/7/2009,2009,7,940,,505468
TAS,1/8/2009,2009,8,146,,505468
TAS,1/9/2009,2009,9,4,505468,505468
TAS,1/10/2009,2009,10,6,,506461
TAS,1/11/2009,2009,11,4,,506461
TAS,1/12/2009,2009,12,2,506461,506461
TAS,1/1/2010,2010,1,2,,508182
TAS,1/2/2010,2010,2,2,,508182
TAS,1/3/2010,2010,3,6,508182,508182
TAS,1/4/2010,2010,4,10,,508847
TAS,1/5/2010,2010,5,4,,508847
TAS,1/6/2010,2010,6,1,508847,508847
TAS,1/7/2010,2010,7,2,,509481
TAS,1/8/2010,2010,8,11,,509481
TAS,1/9/2010,2010,9,35,509481,509481
TAS,1/10/2010,2010,10,22,,510219
TAS,1/11/2010,2010,11,6,,510219
TAS,1/12/2010,2010,12,6,510219,510219
TAS,1/1/2011,2011,1,5,,511248
TAS,1/2/2011,2011,2,3,,511248
TAS,1/3/2011,2011,3,2,511248,511248
TAS,1/4/2011,2011,4,23,,511483
TAS,1/5/2011,2011,5,28,,511483
TAS,1/6/2011,2011,6,22,511483,511483
TAS,1/7/2011,2011,7,79,,511880
TAS,1/8/2011,2011,8,104,,511880
TAS,1/9/2011,2011,9,68,511880,511880
TAS,1/10/2011,2011,10,13,,511739
TAS,1/11/2011,2011,11,9,,511739
TAS,1/12/2011,2011,12,7,511739,511739
TAS,1/1/2012,2012,1,1,,511993
TAS,1/2/2012,2012,2,4,,511993
TAS,1/3/2012,2012,3,6,511993,511993
TAS,1/4/2012,2012,4,4,,511724
TAS,1/5/2012,2012,5,5,,511724
TAS,1/6/2012,2012,6,53,511724,511724
TAS,1/7/2012,2012,7,579,,511582
TAS,1/8/2012,2012,8,378,,511582
TAS,1/9/2012,2012,9,30,511582,511582
TAS,1/10/2012,2012,10,16,,511813
TAS,1/11/2012,2012,11,15,,511813
TAS,1/12/2012,2012,12,4,511813,511813
TAS,1/1/2013,2013,1,2,,512240
TAS,1/2/2013,2013,2,4,,512240
TAS,1/3/2013,2013,3,2,512240,512240
TAS,1/4/2013,2013,4,5,,512231
TAS,1/5/2013,2013,5,2,,512231
TAS,1/6/2013,2013,6,5,512231,512231
TAS,1/7/2013,2013,7,15,,512510
TAS,1/8/2013,2013,8,67,,512510
TAS,1/9/2013,2013,9,77,512510,512510
TAS,1/10/2013,2013,10,60,,513015
TAS,1/11/2013,2013,11,40,,513015
TAS,1/12/2013,2013,12,17,513015,513015
TAS,1/1/2014,2014,1,22,,513681
TAS,1/2/2014,2014,2,16,,513681
TAS,1/3/2014,2014,3,12,513681,513681
TAS,1/4/2014,2014,4,17,,513621
TAS,1/5/2014,2014,5,20,,513621
TAS,1/6/2014,2014,6,42,513621,513621
TAS,1/7/2014,2014,7,69,,513898
TAS,1/8/2014,2014,8,253,,513898
TAS,1/9/2014,2014,9,161,513898,513898
TAS,1/10/2014,2014,10,41,,514040
TAS,1/11/2014,2014,11,8,,514040
TAS,1/12/2014,2014,12,15,514040,514040
TAS,1/1/2015,2015,1,6,,514812
TAS,1/2/2015,2015,2,7,,514812
TAS,1/3/2015,2015,3,19,514812,514812
TAS,1/4/2015,2015,4,34,,515117
TAS,1/5/2015,2015,5,36,,515117
TAS,1/6/2015,2015,6,64,515117,515117
TAS,1/7/2015,2015,7,161,,515697
TAS,1/8/2015,2015,8,483,,515697
TAS,1/9/2015,2015,9,491,515697,515697
TAS,1/10/2015,2015,10,106,,515694
TAS,1/11/2015,2015,11,17,,515694
TAS,1/12/2015,2015,12,12,515694,515694
TAS,1/1/2016,2016,1,11,,516861
TAS,1/2/2016,2016,2,16,,516861
TAS,1/3/2016,2016,3,22,516861,516861
TAS,1/4/2016,2016,4,26,,517514
TAS,1/5/2016,2016,5,18,,517514
TAS,1/6/2016,2016,6,28,517514,517514
TAS,1/7/2016,2016,7,43,,519606
TAS,1/8/2016,2016,8,257,,519606
TAS,1/9/2016,2016,9,451,519606,519606
TAS,1/10/2016,2016,10,100,,521981
TAS,1/11/2016,2016,11,57,,521981
TAS,1/12/2016,2016,12,29,521981,521981
TAS,1/1/2017,2017,1,34,,524574
TAS,1/2/2017,2017,2,29,,524574
TAS,1/3/2017,2017,3,44,524574,524574
TAS,1/4/2017,2017,4,31,,526762
TAS,1/5/2017,2017,5,31,,526762
TAS,1/6/2017,2017,6,70,526762,526762
TAS,1/7/2017,2017,7,305,,529350
TAS,1/8/2017,2017,8,1057,,529350
TAS,1/9/2017,2017,9,1605,529350,529350
TAS,1/10/2017,2017,10,217,,531561
TAS,1/11/2017,2017,11,55,,531561
TAS,1/12/2017,2017,12,32,531561,531561
TAS,1/1/2018,2018,1,14,,534754
TAS,1/2/2018,2018,2,24,,534754
TAS,1/3/2018,2018,3,30,534754,534754
TAS,1/4/2018,2018,4,20,,537291
TAS,1/5/2018,2018,5,10,,537291
TAS,1/6/2018,2018,6,28,537291,537291
TAS,1/7/2018,2018,7,21,,540241
TAS,1/8/2018,2018,8,35,,540241
TAS,1/9/2018,2018,9,81,540241,540241
TAS,1/10/2018,2018,10,82,,542927
TAS,1/11/2018,2018,11,70,,542927
TAS,1/12/2018,2018,12,35,542927,542927
TAS,1/1/2019,2019,1,55,,545803
TAS,1/2/2019,2019,2,69,,545803
TAS,1/3/2019,2019,3,172,545803,545803
TAS,1/4/2019,2019,4,361,,547841
TAS,1/5/2019,2019,5,348,,547841
TAS,1/6/2019,2019,6,394,547841,547841
TAS,1/7/2019,2019,7,487,,549947
TAS,1/8/2019,2019,8,613,,549947
TAS,1/9/2019,2019,9,346,549947,549947
TAS,1/10/2019,2019,10,148,,553340
TAS,1/11/2019,2019,11,95,,553340
TAS,1/12/2019,2019,12,50,553340,553340
TAS,1/1/2020,2020,1,66,,555975
TAS,1/2/2020,2020,2,48,,555975
TAS,1/3/2020,2020,3,37,555975,555975
TAS,1/4/2020,2020,4,1,,557578
TAS,1/5/2020,2020,5,7,,557578
TAS,1/6/2020,2020,6,2,557578,557578
TAS,1/7/2020,2020,7,2,,559427
TAS,1/8/2020,2020,8,1,,559427
TAS,1/9/2020,2020,9,0,559427,559427
TAS,1/10/2020,2020,10,2,,561881
TAS,1/11/2020,2020,11,2,,561881
TAS,1/12/2020,2020,12,2,561881,561881
TAS,1/1/2021,2021,1,5,,564840
TAS,1/2/2021,2021,2,0,,564840
TAS,1/3/2021,2021,3,2,564840,564840
TAS,1/4/2021,2021,4,3,,567239
TAS,1/5/2021,2021,5,4,,567239
TAS,1/6/2021,2021,6,5,567239,567239
TAS,1/7/2021,2021,7,8,,566928
TAS,1/8/2021,2021,8,4,,566928
TAS,1/9/2021,2021,9,5,566928,566928
TAS,1/10/2021,2021,10,2,,568628
TAS,1/11/2021,2021,11,2,,568628
TAS,1/12/2021,2021,12,0,568628,568628
TAS,1/1/2022,2022,1,0,,570272
TAS,1/2/2022,2022,2,0,,570272
TAS,1/3/2022,2022,3,4,570272,570272
TAS,1/4/2022,2022,4,19,,571051
TAS,1/5/2022,2022,5,223,,571051
TAS,1/6/2022,2022,6,1457,571051,571051
TAS,1/7/2022,2022,7,945,,571691
TAS,1/8/2022,2022,8,120,,571691
TAS,1/9/2022,2022,9,65,571691,571691
TAS,1/10/2022,2022,10,28,,572352
TAS,1/11/2022,2022,11,27,,572352
TAS,1/12/2022,2022,12,52,572352,572352
VIC,1/1/2008,2008,1,14,,5233000
VIC,1/2/2008,2008,2,6,,5233000
VIC,1/3/2008,2008,3,10,5233000,5233000
VIC,1/4/2008,2008,4,26,,5256375
VIC,1/5/2008,2008,5,23,,5256375
VIC,1/6/2008,2008,6,29,5256375,5256375
VIC,1/7/2008,2008,7,82,,5286549
VIC,1/8/2008,2008,8,446,,5286549
VIC,1/9/2008,2008,9,443,5286549,5286549
VIC,1/10/2008,2008,10,175,,5313285
VIC,1/11/2008,2008,11,31,,5313285
VIC,1/12/2008,2008,12,18,5313285,5313285
VIC,1/1/2009,2009,1,10,,5347672
VIC,1/2/2009,2009,2,10,,5347672
VIC,1/3/2009,2009,3,12,5347672,5347672
VIC,1/4/2009,2009,4,16,,5371934
VIC,1/5/2009,2009,5,1455,,5371934
VIC,1/6/2009,2009,6,3292,5371934,5371934
VIC,1/7/2009,2009,7,1738,,5398874
VIC,1/8/2009,2009,8,368,,5398874
VIC,1/9/2009,2009,9,64,5398874,5398874
VIC,1/10/2009,2009,10,34,,5419249
VIC,1/11/2009,2009,11,24,,5419249
VIC,1/12/2009,2009,12,13,5419249,5419249
VIC,1/1/2010,2010,1,20,,5445172
VIC,1/2/2010,2010,2,26,,5445172
VIC,1/3/2010,2010,3,17,5445172,5445172
VIC,1/4/2010,2010,4,40,,5461101
VIC,1/5/2010,2010,5,41,,5461101
VIC,1/6/2010,2010,6,57,5461101,5461101
VIC,1/7/2010,2010,7,179,,5478710
VIC,1/8/2010,2010,8,552,,5478710
VIC,1/9/2010,2010,9,750,5478710,5478710
VIC,1/10/2010,2010,10,237,,5495711
VIC,1/11/2010,2010,11,58,,5495711
VIC,1/12/2010,2010,12,115,5495711,5495711
VIC,1/1/2011,2011,1,114,,5520378
VIC,1/2/2011,2011,2,119,,5520378
VIC,1/3/2011,2011,3,87,5520378,5520378
VIC,1/4/2011,2011,4,92,,5537817
VIC,1/5/2011,2011,5,103,,5537817
VIC,1/6/2011,2011,6,119,5537817,5537817
VIC,1/7/2011,2011,7,332,,5564662
VIC,1/8/2011,2011,8,673,,5564662
VIC,1/9/2011,2011,9,995,5564662,5564662
VIC,1/10/2011,2011,10,343,,5591818
VIC,1/11/2011,2011,11,137,,5591818
VIC,1/12/2011,2011,12,93,5591818,5591818
VIC,1/1/2012,2012,1,52,,5625354
VIC,1/2/2012,2012,2,38,,5625354
VIC,1/3/2012,2012,3,104,5625354,5625354
VIC,1/4/2012,2012,4,83,,5651091
VIC,1/5/2012,2012,5,102,,5651091
VIC,1/6/2012,2012,6,654,5651091,5651091
VIC,1/7/2012,2012,7,1629,,5680420
VIC,1/8/2012,2012,8,1959,,5680420
VIC,1/9/2012,2012,9,816,5680420,5680420
VIC,1/10/2012,2012,10,248,,5709586
VIC,1/11/2012,2012,11,207,,5709586
VIC,1/12/2012,2012,12,95,5709586,5709586
VIC,1/1/2013,2013,1,122,,5744915
VIC,1/2/2013,2013,2,118,,5744915
VIC,1/3/2013,2013,3,92,5744915,5744915
VIC,1/4/2013,2013,4,67,,5772669
VIC,1/5/2013,2013,5,176,,5772669
VIC,1/6/2013,2013,6,253,5772669,5772669
VIC,1/7/2013,2013,7,645,,5804499
VIC,1/8/2013,2013,8,1912,,5804499
VIC,1/9/2013,2013,9,1249,5804499,5804499
VIC,1/10/2013,2013,10,503,,5832585
VIC,1/11/2013,2013,11,429,,5832585
VIC,1/12/2013,2013,12,270,5832585,5832585
VIC,1/1/2014,2014,1,273,,5869511
VIC,1/2/2014,2014,2,146,,5869511
VIC,1/3/2014,2014,3,161,5869511,5869511
VIC,1/4/2014,2014,4,125,,5894917
VIC,1/5/2014,2014,5,315,,5894917
VIC,1/6/2014,2014,6,419,5894917,5894917
VIC,1/7/2014,2014,7,998,,5927199
VIC,1/8/2014,2014,8,3615,,5927199
VIC,1/9/2014,2014,9,2579,5927199,5927199
VIC,1/10/2014,2014,10,844,,5957512
VIC,1/11/2014,2014,11,225,,5957512
VIC,1/12/2014,2014,12,173,5957512,5957512
VIC,1/1/2015,2015,1,194,,5995205
VIC,1/2/2015,2015,2,184,,5995205
VIC,1/3/2015,2015,3,260,5995205,5995205
VIC,1/4/2015,2015,4,370,,6022322
VIC,1/5/2015,2015,5,504,,6022322
VIC,1/6/2015,2015,6,913,6022322,6022322
VIC,1/7/2015,2015,7,3090,,6057558
VIC,1/8/2015,2015,8,6044,,6057558
VIC,1/9/2015,2015,9,4589,6057558,6057558
VIC,1/10/2015,2015,10,929,,6093049
VIC,1/11/2015,2015,11,136,,6093049
VIC,1/12/2015,2015,12,78,6093049,6093049
VIC,1/1/2016,2016,1,154,,6138627
VIC,1/2/2016,2016,2,198,,6138627
VIC,1/3/2016,2016,3,294,6138627,6138627
VIC,1/4/2016,2016,4,441,,6173172
VIC,1/5/2016,2016,5,248,,6173172
VIC,1/6/2016,2016,6,329,6173172,6173172
VIC,1/7/2016,2016,7,1149,,6205852
VIC,1/8/2016,2016,8,3124,,6205852
VIC,1/9/2016,2016,9,4464,6205852,6205852
VIC,1/10/2016,2016,10,1325,,6235781
VIC,1/11/2016,2016,11,655,,6235781
VIC,1/12/2016,2016,12,575,6235781,6235781
VIC,1/1/2017,2017,1,372,,6278555
VIC,1/2/2017,2017,2,322,,6278555
VIC,1/3/2017,2017,3,368,6278555,6278555
VIC,1/4/2017,2017,4,298,,6302608
VIC,1/5/2017,2017,5,489,,6302608
VIC,1/6/2017,2017,6,1519,6302608,6302608
VIC,1/7/2017,2017,7,5579,,6333514
VIC,1/8/2017,2017,8,14232,,6333514
VIC,1/9/2017,2017,9,20715,6333514,6333514
VIC,1/10/2017,2017,10,3531,,6358210
VIC,1/11/2017,2017,11,538,,6358210
VIC,1/12/2017,2017,12,246,6358210,6358210
VIC,1/1/2018,2018,1,574,,6398586
VIC,1/2/2018,2018,2,536,,6398586
VIC,1/3/2018,2018,3,513,6398586,6398586
VIC,1/4/2018,2018,4,360,,6423038
VIC,1/5/2018,2018,5,308,,6423038
VIC,1/6/2018,2018,6,288,6423038,6423038
VIC,1/7/2018,2018,7,439,,6454976
VIC,1/8/2018,2018,8,1183,,6454976
VIC,1/9/2018,2018,9,2322,6454976,6454976
VIC,1/10/2018,2018,10,2062,,6479695
VIC,1/11/2018,2018,11,1835,,6479695
VIC,1/12/2018,2018,12,1304,6479695,6479695
VIC,1/1/2019,2019,1,1263,,6518716
VIC,1/2/2019,2019,2,1157,,6518716
VIC,1/3/2019,2019,3,2413,6518716,6518716
VIC,1/4/2019,2019,4,3806,,6537305
VIC,1/5/2019,2019,5,8654,,6537305
VIC,1/6/2019,2019,6,11602,6537305,6537305
VIC,1/7/2019,2019,7,13338,,6567898
VIC,1/8/2019,2019,8,13572,,6567898
VIC,1/9/2019,2019,9,8286,6567898,6567898
VIC,1/10/2019,2019,10,2940,,6590050
VIC,1/11/2019,2019,11,1233,,6590050
VIC,1/12/2019,2019,12,1247,6590050,6590050
VIC,1/1/2020,2020,1,1820,,6616636
VIC,1/2/2020,2020,2,1425,,6616636
VIC,1/3/2020,2020,3,1164,6616636,6616636
VIC,1/4/2020,2020,4,79,,6615046
VIC,1/5/2020,2020,5,65,,6615046
VIC,1/6/2020,2020,6,67,6615046,6615046
VIC,1/7/2020,2020,7,80,,6591437
VIC,1/8/2020,2020,8,33,,6591437
VIC,1/9/2020,2020,9,5,6591437,6591437
VIC,1/10/2020,2020,10,8,,6567195
VIC,1/11/2020,2020,11,10,,6567195
VIC,1/12/2020,2020,12,17,6567195,6567195
VIC,1/1/2021,2021,1,16,,6555302
VIC,1/2/2021,2021,2,15,,6555302
VIC,1/3/2021,2021,3,11,6555302,6555302
VIC,1/4/2021,2021,4,16,,6547822
VIC,1/5/2021,2021,5,2,,6547822
VIC,1/6/2021,2021,6,6,6547822,6547822
VIC,1/7/2021,2021,7,6,,6552980
VIC,1/8/2021,2021,8,4,,6552980
VIC,1/9/2021,2021,9,4,6552980,6552980
VIC,1/10/2021,2021,10,3,,6566092
VIC,1/11/2021,2021,11,3,,6566092
VIC,1/12/2021,2021,12,27,6566092,6566092
VIC,1/1/2022,2022,1,13,,6604868
VIC,1/2/2022,2022,2,4,,6604868
VIC,1/3/2022,2022,3,64,6604868,6604868
VIC,1/4/2022,2022,4,1881,,6630631
VIC,1/5/2022,2022,5,16861,,6630631
VIC,1/6/2022,2022,6,13934,6630631,6630631
VIC,1/7/2022,2022,7,1900,,6672635
VIC,1/8/2022,2022,8,300,,6672635
VIC,1/9/2022,2022,9,259,6672635,6672635
VIC,1/10/2022,2022,10,240,,6719487
VIC,1/11/2022,2022,11,271,,6719487
VIC,1/12/2022,2022,12,863,6719487,6719487
WA,1/1/2008,2008,1,32,,2155552
WA,1/2/2008,2008,2,14,,2155552
WA,1/3/2008,2008,3,19,2155552,2155552
WA,1/4/2008,2008,4,18,,2171700
WA,1/5/2008,2008,5,37,,2171700
WA,1/6/2008,2008,6,27,2171700,2171700
WA,1/7/2008,2008,7,46,,2191582
WA,1/8/2008,2008,8,220,,2191582
WA,1/9/2008,2008,9,430,2191582,2191582
WA,1/10/2008,2008,10,133,,2208928
WA,1/11/2008,2008,11,30,,2208928
WA,1/12/2008,2008,12,22,2208928,2208928
WA,1/1/2009,2009,1,26,,2228317
WA,1/2/2009,2009,2,19,,2228317
WA,1/3/2009,2009,3,14,2228317,2228317
WA,1/4/2009,2009,4,20,,2240250
WA,1/5/2009,2009,5,91,,2240250
WA,1/6/2009,2009,6,475,2240250,2240250
WA,1/7/2009,2009,7,2779,,2253355
WA,1/8/2009,2009,8,1665,,2253355
WA,1/9/2009,2009,9,288,2253355,2253355
WA,1/10/2009,2009,10,91,,2263747
WA,1/11/2009,2009,11,30,,2263747
WA,1/12/2009,2009,12,24,2263747,2263747
WA,1/1/2010,2010,1,16,,2278589
WA,1/2/2010,2010,2,10,,2278589
WA,1/3/2010,2010,3,18,2278589,2278589
WA,1/4/2010,2010,4,26,,2290845
WA,1/5/2010,2010,5,25,,2290845
WA,1/6/2010,2010,6,37,2290845,2290845
WA,1/7/2010,2010,7,140,,2305415
WA,1/8/2010,2010,8,293,,2305415
WA,1/9/2010,2010,9,462,2305415,2305415
WA,1/10/2010,2010,10,399,,2319063
WA,1/11/2010,2010,11,108,,2319063
WA,1/12/2010,2010,12,96,2319063,2319063
WA,1/1/2011,2011,1,60,,2337611
WA,1/2/2011,2011,2,65,,2337611
WA,1/3/2011,2011,3,43,2337611,2337611
WA,1/4/2011,2011,4,32,,2353409
WA,1/5/2011,2011,5,23,,2353409
WA,1/6/2011,2011,6,59,2353409,2353409
WA,1/7/2011,2011,7,241,,2369612
WA,1/8/2011,2011,8,419,,2369612
WA,1/9/2011,2011,9,488,2369612,2369612
WA,1/10/2011,2011,10,204,,2385947
WA,1/11/2011,2011,11,122,,2385947
WA,1/12/2011,2011,12,107,2385947,2385947
WA,1/1/2012,2012,1,59,,2408108
WA,1/2/2012,2012,2,65,,2408108
WA,1/3/2012,2012,3,143,2408108,2408108
WA,1/4/2012,2012,4,85,,2425507
WA,1/5/2012,2012,5,119,,2425507
WA,1/6/2012,2012,6,537,2425507,2425507
WA,1/7/2012,2012,7,1755,,2442876
WA,1/8/2012,2012,8,1870,,2442876
WA,1/9/2012,2012,9,377,2442876,2442876
WA,1/10/2012,2012,10,93,,2457489
WA,1/11/2012,2012,11,89,,2457489
WA,1/12/2012,2012,12,38,2457489,2457489
WA,1/1/2013,2013,1,73,,2475242
WA,1/2/2013,2013,2,82,,2475242
WA,1/3/2013,2013,3,137,2475242,2475242
WA,1/4/2013,2013,4,67,,2486944
WA,1/5/2013,2013,5,76,,2486944
WA,1/6/2013,2013,6,67,2486944,2486944
WA,1/7/2013,2013,7,197,,2496285
WA,1/8/2013,2013,8,562,,2496285
WA,1/9/2013,2013,9,519,2496285,2496285
WA,1/10/2013,2013,10,319,,2502188
WA,1/11/2013,2013,11,208,,2502188
WA,1/12/2013,2013,12,88,2502188,2502188
WA,1/1/2014,2014,1,141,,2512556
WA,1/2/2014,2014,2,120,,2512556
WA,1/3/2014,2014,3,122,2512556,2512556
WA,1/4/2014,2014,4,128,,2517608
WA,1/5/2014,2014,5,140,,2517608
WA,1/6/2014,2014,6,192,2517608,2517608
WA,1/7/2014,2014,7,786,,2524042
WA,1/8/2014,2014,8,1892,,2524042
WA,1/9/2014,2014,9,1079,2524042,2524042
WA,1/10/2014,2014,10,394,,2528619
WA,1/11/2014,2014,11,140,,2528619
WA,1/12/2014,2014,12,115,2528619,2528619
WA,1/1/2015,2015,1,171,,2536604
WA,1/2/2015,2015,2,165,,2536604
WA,1/3/2015,2015,3,180,2536604,2536604
WA,1/4/2015,2015,4,196,,2540672
WA,1/5/2015,2015,5,367,,2540672
WA,1/6/2015,2015,6,517,2540672,2540672
WA,1/7/2015,2015,7,1151,,2545509
WA,1/8/2015,2015,8,1226,,2545509
WA,1/9/2015,2015,9,1239,2545509,2545509
WA,1/10/2015,2015,10,549,,2547745
WA,1/11/2015,2015,11,101,,2547745
WA,1/12/2015,2015,12,128,2547745,2547745
WA,1/1/2016,2016,1,132,,2554506
WA,1/2/2016,2016,2,177,,2554506
WA,1/3/2016,2016,3,197,2554506,2554506
WA,1/4/2016,2016,4,193,,2555978
WA,1/5/2016,2016,5,233,,2555978
WA,1/6/2016,2016,6,285,2555978,2555978
WA,1/7/2016,2016,7,974,,2564492
WA,1/8/2016,2016,8,2095,,2564492
WA,1/9/2016,2016,9,2626,2564492,2564492
WA,1/10/2016,2016,10,577,,2569606
WA,1/11/2016,2016,11,205,,2569606
WA,1/12/2016,2016,12,151,2569606,2569606
WA,1/1/2017,2017,1,138,,2579276
WA,1/2/2017,2017,2,125,,2579276
WA,1/3/2017,2017,3,158,2579276,2579276
WA,1/4/2017,2017,4,93,,2585720
WA,1/5/2017,2017,5,148,,2585720
WA,1/6/2017,2017,6,294,2585720,2585720
WA,1/7/2017,2017,7,542,,2594138
WA,1/8/2017,2017,8,1064,,2594138
WA,1/9/2017,2017,9,2038,2594138,2594138
WA,1/10/2017,2017,10,785,,2599928
WA,1/11/2017,2017,11,357,,2599928
WA,1/12/2017,2017,12,274,2599928,2599928
WA,1/1/2018,2018,1,238,,2610320
WA,1/2/2018,2018,2,334,,2610320
WA,1/3/2018,2018,3,288,2610320,2610320
WA,1/4/2018,2018,4,150,,2617792
WA,1/5/2018,2018,5,196,,2617792
WA,1/6/2018,2018,6,501,2617792,2617792
WA,1/7/2018,2018,7,670,,2628121
WA,1/8/2018,2018,8,1023,,2628121
WA,1/9/2018,2018,9,1086,2628121,2628121
WA,1/10/2018,2018,10,598,,2636404
WA,1/11/2018,2018,11,404,,2636404
WA,1/12/2018,2018,12,363,2636404,2636404
WA,1/1/2019,2019,1,531,,2649641
WA,1/2/2019,2019,2,498,,2649641
WA,1/3/2019,2019,3,496,2649641,2649641
WA,1/4/2019,2019,4,512,,2659625
WA,1/5/2019,2019,5,4056,,2659625
WA,1/6/2019,2019,6,10133,2659625,2659625
WA,1/7/2019,2019,7,4766,,2674246
WA,1/8/2019,2019,8,1220,,2674246
WA,1/9/2019,2019,9,372,2674246,2674246
WA,1/10/2019,2019,10,200,,2688799
WA,1/11/2019,2019,11,221,,2688799
WA,1/12/2019,2019,12,223,2688799,2688799
WA,1/1/2020,2020,1,541,,2706350
WA,1/2/2020,2020,2,384,,2706350
WA,1/3/2020,2020,3,196,2706350,2706350
WA,1/4/2020,2020,4,28,,2712912
WA,1/5/2020,2020,5,23,,2712912
WA,1/6/2020,2020,6,21,2712912,2712912
WA,1/7/2020,2020,7,12,,2720001
WA,1/8/2020,2020,8,6,,2720001
WA,1/9/2020,2020,9,2,2720001,2720001
WA,1/10/2020,2020,10,3,,2728187
WA,1/11/2020,2020,11,6,,2728187
WA,1/12/2020,2020,12,10,2728187,2728187
WA,1/1/2021,2021,1,5,,2739105
WA,1/2/2021,2021,2,4,,2739105
WA,1/3/2021,2021,3,0,2739105,2739105
WA,1/4/2021,2021,4,4,,2749365
WA,1/5/2021,2021,5,6,,2749365
WA,1/6/2021,2021,6,6,2749365,2749365
WA,1/7/2021,2021,7,4,,2753214
WA,1/8/2021,2021,8,0,,2753214
WA,1/9/2021,2021,9,0,2753214,2753214
WA,1/10/2021,2021,10,3,,2763015
WA,1/11/2021,2021,11,4,,2763015
WA,1/12/2021,2021,12,4,2763015,2763015
WA,1/1/2022,2022,1,4,,2777252
WA,1/2/2022,2022,2,7,,2777252
WA,1/3/2022,2022,3,7,2777252,2777252
WA,1/4/2022,2022,4,23,,2791794
WA,1/5/2022,2022,5,369,,2791794
WA,1/6/2022,2022,6,3027,2791794,2791794
WA,1/7/2022,2022,7,7221,,2812331
WA,1/8/2022,2022,8,1661,,2812331
WA,1/9/2022,2022,9,625,2812331,2812331
WA,1/10/2022,2022,10,314,,2834117
WA,1/11/2022,2022,11,312,,2834117
WA,1/12/2022,2022,12,424,2834117,2834117