time,jurisdiction,year,month,tas,RH
1/1/2007,ACT,2007,1,20.31973645,53.62194411
1/2/2007,ACT,2007,2,19.07481085,69.49525994
1/3/2007,ACT,2007,3,16.88223802,65.07965451
1/4/2007,ACT,2007,4,12.66667583,66.51634417
1/5/2007,ACT,2007,5,9.72681699,74.34998464
1/6/2007,ACT,2007,6,4.875474421,80.42466089
1/7/2007,ACT,2007,7,3.954239392,78.73568053
1/8/2007,ACT,2007,8,7.311309453,71.60022022
1/9/2007,ACT,2007,9,8.456508389,64.83655587
1/10/2007,ACT,2007,10,13.12384392,52.85841599
1/11/2007,ACT,2007,11,15.89058899,68.40476237
1/12/2007,ACT,2007,12,17.05640698,66.40173254
1/1/2008,ACT,2008,1,19.71508023,63.07235489
1/2/2008,ACT,2008,2,16.03403431,68.18112969
1/3/2008,ACT,2008,3,16.28845913,61.736041
1/4/2008,ACT,2008,4,10.44529996,69.40637765
1/5/2008,ACT,2008,5,7.435386142,75.98972088
1/6/2008,ACT,2008,6,6.931123333,80.76642593
1/7/2008,ACT,2008,7,3.826330864,78.42173491
1/8/2008,ACT,2008,8,4.521574074,72.1001762
1/9/2008,ACT,2008,9,9.139731105,62.10271292
1/10/2008,ACT,2008,10,13.27648293,55.88553226
1/11/2008,ACT,2008,11,14.69416009,60.81281742
1/12/2008,ACT,2008,12,16.2466261,57.25684053
1/1/2009,ACT,2009,1,20.75173293,50.13510312
1/2/2009,ACT,2009,2,18.94186807,61.10315557
1/3/2009,ACT,2009,3,16.4912477,59.46263761
1/4/2009,ACT,2009,4,11.47214513,71.67677563
1/5/2009,ACT,2009,5,8.454796113,76.36638181
1/6/2009,ACT,2009,6,5.978649077,83.9143467
1/7/2009,ACT,2009,7,4.689846655,78.46099023
1/8/2009,ACT,2009,8,6.30332019,70.98572217
1/9/2009,ACT,2009,9,9.191260028,66.71208658
1/10/2009,ACT,2009,10,10.7438599,69.6351942
1/11/2009,ACT,2009,11,18.56939168,56.11903175
1/12/2009,ACT,2009,12,18.40308097,55.71504593
1/1/2010,ACT,2010,1,20.77489006,55.25145684
1/2/2010,ACT,2010,2,18.67766274,70.61199086
1/3/2010,ACT,2010,3,16.15234093,68.47350401
1/4/2010,ACT,2010,4,12.54450543,72.68864968
1/5/2010,ACT,2010,5,7.983362317,78.43352538
1/6/2010,ACT,2010,6,4.974784906,80.96858976
1/7/2010,ACT,2010,7,4.783275747,82.03296332
1/8/2010,ACT,2010,8,4.872843873,76.40378673
1/9/2010,ACT,2010,9,8.316788732,70.49825927
1/10/2010,ACT,2010,10,11.86595749,73.04831797
1/11/2010,ACT,2010,11,14.79726851,70.90889676
1/12/2010,ACT,2010,12,16.26126491,68.08710041
1/1/2011,ACT,2011,1,19.85129155,68.04057886
1/2/2011,ACT,2011,2,18.46667562,72.06514467
1/3/2011,ACT,2011,3,15.18402916,75.40824747
1/4/2011,ACT,2011,4,10.73940196,75.15545101
1/5/2011,ACT,2011,5,6.465606087,76.00213574
1/6/2011,ACT,2011,6,5.116835565,79.95084143
1/7/2011,ACT,2011,7,4.045173583,79.40322925
1/8/2011,ACT,2011,8,6.976803792,76.0036012
1/9/2011,ACT,2011,9,8.663677252,66.57797037
1/10/2011,ACT,2011,10,11.73587244,67.82976743
1/11/2011,ACT,2011,11,15.94190861,66.841572
1/12/2011,ACT,2011,12,15.05232266,69.2184016
1/1/2012,ACT,2012,1,17.99773012,64.55549169
1/2/2012,ACT,2012,2,16.89943418,76.0205264
1/3/2012,ACT,2012,3,14.16601446,76.895746
1/4/2012,ACT,2012,4,11.73114086,75.81663758
1/5/2012,ACT,2012,5,6.226391178,77.11596969
1/6/2012,ACT,2012,6,5.046924306,84.11435592
1/7/2012,ACT,2012,7,4.328724528,79.79372149
1/8/2012,ACT,2012,8,4.604798732,73.53040137
1/9/2012,ACT,2012,9,8.39772952,68.08610816
1/10/2012,ACT,2012,10,11.57670601,58.77481427
1/11/2012,ACT,2012,11,15.73380424,62.46040204
1/12/2012,ACT,2012,12,17.26375116,59.08441317
1/1/2013,ACT,2013,1,20.79339964,56.24275582
1/2/2013,ACT,2013,2,17.91107445,68.31341383
1/3/2013,ACT,2013,3,15.97385623,67.45211105
1/4/2013,ACT,2013,4,12.04784398,70.13757181
1/5/2013,ACT,2013,5,7.791937573,76.03492176
1/6/2013,ACT,2013,6,5.992959852,83.82416908
1/7/2013,ACT,2013,7,5.527223789,81.70654472
1/8/2013,ACT,2013,8,6.200725814,74.82139683
1/9/2013,ACT,2013,9,10.50646803,67.14674082
1/10/2013,ACT,2013,10,11.6723553,57.00387741
1/11/2013,ACT,2013,11,13.78889449,58.43254628
1/12/2013,ACT,2013,12,17.99383422,55.59939535
1/1/2014,ACT,2014,1,20.04735615,51.3932028
1/2/2014,ACT,2014,2,18.99495914,62.94622056
1/3/2014,ACT,2014,3,16.49120341,74.52105875
1/4/2014,ACT,2014,4,12.22798771,77.26483502
1/5/2014,ACT,2014,5,8.733993601,80.40839985
1/6/2014,ACT,2014,6,6.048904232,84.44637276
1/7/2014,ACT,2014,7,4.628012683,79.54056492
1/8/2014,ACT,2014,8,5.403667236,75.53987213
1/9/2014,ACT,2014,9,9.071030745,69.81596346
1/10/2014,ACT,2014,10,13.3229648,58.66179509
1/11/2014,ACT,2014,11,16.84173687,56.28870344
1/12/2014,ACT,2014,12,17.77537495,64.18475005
1/1/2015,ACT,2015,1,18.25289201,67.70106837
1/2/2015,ACT,2015,2,18.53894694,70.75577475
1/3/2015,ACT,2015,3,15.5603358,60.94372331
1/4/2015,ACT,2015,4,11.46521444,77.11214586
1/5/2015,ACT,2015,5,7.734387248,75.03566695
1/6/2015,ACT,2015,6,4.91628107,81.14720494
1/7/2015,ACT,2015,7,3.767669391,81.85316652
1/8/2015,ACT,2015,8,5.396613083,77.66795515
1/9/2015,ACT,2015,9,8.237468996,71.73080046
1/10/2015,ACT,2015,10,14.99442737,63.47687667
1/11/2015,ACT,2015,11,16.11659983,62.61314995
1/12/2015,ACT,2015,12,18.28415684,54.58091295
1/1/2016,ACT,2016,1,18.54060263,66.25406873
1/2/2016,ACT,2016,2,19.37359543,62.12353998
1/3/2016,ACT,2016,3,17.62909446,67.11304212
1/4/2016,ACT,2016,4,13.77902774,67.85346257
1/5/2016,ACT,2016,5,8.646979842,75.63244707
1/6/2016,ACT,2016,6,6.0317492,83.17394626
1/7/2016,ACT,2016,7,5.483359876,84.73885939
1/8/2016,ACT,2016,8,5.873354454,76.76708329
1/9/2016,ACT,2016,9,8.302930525,79.32238075
1/10/2016,ACT,2016,10,10.08741194,67.20048996
1/11/2016,ACT,2016,11,15.1598124,59.30404175
1/12/2016,ACT,2016,12,18.6290926,60.54951562
1/1/2017,ACT,2017,1,21.07304896,59.33283843
1/2/2017,ACT,2017,2,19.32945618,56.33505668
1/3/2017,ACT,2017,3,16.97668313,72.23604026
1/4/2017,ACT,2017,4,11.31857074,73.22576733
1/5/2017,ACT,2017,5,7.796481453,77.25910157
1/6/2017,ACT,2017,6,4.99530805,79.74332624
1/7/2017,ACT,2017,7,4.014598013,76.96458592
1/8/2017,ACT,2017,8,5.155114425,71.6076039
1/9/2017,ACT,2017,9,8.51404667,59.77135551
1/10/2017,ACT,2017,10,13.27359122,65.19547266
1/11/2017,ACT,2017,11,14.99421598,67.38791918
1/12/2017,ACT,2017,12,18.64522757,62.18951717
1/1/2018,ACT,2018,1,20.87462749,54.88259315
1/2/2018,ACT,2018,2,18.60568076,58.37890894
1/3/2018,ACT,2018,3,16.45367083,61.32194607
1/4/2018,ACT,2018,4,14.88286416,61.09778404
1/5/2018,ACT,2018,5,8.063695189,69.83251927
1/6/2018,ACT,2018,6,5.604556974,80.2925571
1/7/2018,ACT,2018,7,4.324590746,72.53923525
1/8/2018,ACT,2018,8,5.326020507,69.43161704
1/9/2018,ACT,2018,9,8.472330883,62.03297037
1/10/2018,ACT,2018,10,12.88810709,64.16462906
1/11/2018,ACT,2018,11,14.99750074,60.50388549
1/12/2018,ACT,2018,12,19.53383194,56.52038187
1/1/2019,ACT,2019,1,23.49302118,58.7394424
1/2/2019,ACT,2019,2,18.86854992,59.22939007
1/3/2019,ACT,2019,3,16.66721979,66.30853268
1/4/2019,ACT,2019,4,13.38395613,67.94818387
1/5/2019,ACT,2019,5,8.003126373,74.78852914
1/6/2019,ACT,2019,6,5.450546267,80.17203807
1/7/2019,ACT,2019,7,5.404225876,75.97557026
1/8/2019,ACT,2019,8,5.187973938,71.37852458
1/9/2019,ACT,2019,9,9.036887757,62.09491884
1/10/2019,ACT,2019,10,13.28155778,52.77995002
1/11/2019,ACT,2019,11,15.8791807,46.49600698
1/12/2019,ACT,2019,12,20.13322078,44.9467813
1/1/2020,ACT,2020,1,21.38388471,55.76571121
1/2/2020,ACT,2020,2,18.49003095,65.66235956
1/3/2020,ACT,2020,3,15.21492354,68.820203
1/4/2020,ACT,2020,4,11.65533933,74.62897547
1/5/2020,ACT,2020,5,7.620893353,77.72564998
1/6/2020,ACT,2020,6,5.854639339,82.095902
1/7/2020,ACT,2020,7,5.661460895,80.64339334
1/8/2020,ACT,2020,8,5.657108967,76.91583201
1/9/2020,ACT,2020,9,9.728355091,72.75505809
1/10/2020,ACT,2020,10,12.78131141,72.37623296
1/11/2020,ACT,2020,11,16.64401396,62.85212804
1/12/2020,ACT,2020,12,16.1026272,65.37731142
1/1/2021,ACT,2021,1,18.26340595,61.77483035
1/2/2021,ACT,2021,2,17.23013392,69.16927511
1/3/2021,ACT,2021,3,14.58699648,71.19202393
1/4/2021,ACT,2021,4,11.2375158,67.38731778
1/5/2021,ACT,2021,5,7.859374237,78.57861865
1/6/2021,ACT,2021,6,5.98317727,85.12030584
1/7/2021,ACT,2021,7,4.662793924,81.99568136
1/8/2021,ACT,2021,8,6.301861575,75.8785392
1/9/2021,ACT,2021,9,8.938399056,69.54637038
1/10/2021,ACT,2021,10,11.07643721,67.46093394
1/11/2021,ACT,2021,11,13.21134808,75.04858374
1/12/2021,ACT,2021,12,16.54547558,68.04816422
1/1/2022,ACT,2022,1,18.98459058,74.9073846
1/2/2022,ACT,2022,2,17.18585373,71.06386557
1/3/2022,ACT,2022,3,15.86622105,76.56949523
1/4/2022,ACT,2022,4,12.29158687,79.9681627
1/5/2022,ACT,2022,5,8.510158211,82.02928073
1/6/2022,ACT,2022,6,4.707482243,82.8210395
1/7/2022,ACT,2022,7,4.973204643,79.88019184
1/8/2022,ACT,2022,8,6.661426451,79.8906345
1/9/2022,ACT,2022,9,8.367895525,76.12162388
1/10/2022,ACT,2022,10,11.54173112,77.28388083
1/11/2022,ACT,2022,11,12.24251687,68.1705848
1/12/2022,ACT,2022,12,15.13647815,62.39925292
1/1/2023,ACT,2023,1,18.14941036,69.50928083
1/2/2023,ACT,2023,2,17.68076903,65.72344679
1/3/2023,ACT,2023,3,16.17040192,68.35116779
1/4/2023,ACT,2023,4,11.4218807,77.1072849
1/5/2023,ACT,2023,5,6.591347074,76.87244069
1/6/2023,ACT,2023,6,5.859612966,82.71344626
1/7/2023,ACT,2023,7,5.609193184,77.43181185
1/8/2023,ACT,2023,8,7.08880148,78.18523758
1/9/2023,ACT,2023,9,10.82847264,59.5570711
1/10/2023,ACT,2023,10,12.19169596,57.78762167
1/11/2023,ACT,2023,11,15.90800018,67.44163859
1/12/2023,ACT,2023,12,18.3128187,65.19785252
1/1/2007,AUS,2007,1,22.23724767,62.4670018
1/2/2007,AUS,2007,2,22.40570616,67.01510296
1/3/2007,AUS,2007,3,20.37093508,66.30680633
1/4/2007,AUS,2007,4,17.0954449,69.8749804
1/5/2007,AUS,2007,5,14.96984758,73.62488797
1/6/2007,AUS,2007,6,10.38083889,77.82598009
1/7/2007,AUS,2007,7,10.01605673,71.6348108
1/8/2007,AUS,2007,8,12.39163574,69.88821352
1/9/2007,AUS,2007,9,13.93752462,64.69662775
1/10/2007,AUS,2007,10,17.07751329,61.08599516
1/11/2007,AUS,2007,11,19.08473178,67.5051392
1/12/2007,AUS,2007,12,20.54081239,65.50916364
1/1/2008,AUS,2008,1,22.01807083,66.7044878
1/2/2008,AUS,2008,2,20.18177986,68.35381315
1/3/2008,AUS,2008,3,19.82712303,63.81865411
1/4/2008,AUS,2008,4,15.42255281,69.5032435
1/5/2008,AUS,2008,5,13.0486987,74.77745049
1/6/2008,AUS,2008,6,12.24050237,78.1128067
1/7/2008,AUS,2008,7,10.05911954,73.99912216
1/8/2008,AUS,2008,8,10.05498634,68.94503906
1/9/2008,AUS,2008,9,14.04426976,65.81215744
1/10/2008,AUS,2008,10,16.69954118,62.95833491
1/11/2008,AUS,2008,11,18.08138582,66.1641682
1/12/2008,AUS,2008,12,19.89851221,63.85412906
1/1/2009,AUS,2009,1,22.50410425,59.47526548
1/2/2009,AUS,2009,2,21.77125133,65.33464771
1/3/2009,AUS,2009,3,19.76029138,66.51517429
1/4/2009,AUS,2009,4,16.60383778,69.90542116
1/5/2009,AUS,2009,5,13.60748498,74.61078862
1/6/2009,AUS,2009,6,11.28992522,79.06771679
1/7/2009,AUS,2009,7,10.51044016,73.55719372
1/8/2009,AUS,2009,8,12.68098695,67.27170999
1/9/2009,AUS,2009,9,14.3597381,63.95925485
1/10/2009,AUS,2009,10,15.74597131,65.48960309
1/11/2009,AUS,2009,11,20.96464501,62.14167494
1/12/2009,AUS,2009,12,21.1875862,62.23401869
1/1/2010,AUS,2010,1,22.60122807,61.70363473
1/2/2010,AUS,2010,2,22.41843012,67.92564567
1/3/2010,AUS,2010,3,20.26445733,69.01389666
1/4/2010,AUS,2010,4,17.46416346,72.48922508
1/5/2010,AUS,2010,5,13.41152667,75.28027094
1/6/2010,AUS,2010,6,10.75750795,77.23105331
1/7/2010,AUS,2010,7,10.57832742,79.47461189
1/8/2010,AUS,2010,8,10.82889122,70.98746617
1/9/2010,AUS,2010,9,13.43442805,70.51769249
1/10/2010,AUS,2010,10,15.78011115,70.40191162
1/11/2010,AUS,2010,11,18.49423587,68.70552416
1/12/2010,AUS,2010,12,19.98445104,69.07730056
1/1/2011,AUS,2011,1,22.20724794,69.09949582
1/2/2011,AUS,2011,2,21.90606365,70.04572704
1/3/2011,AUS,2011,3,19.49981658,72.39970494
1/4/2011,AUS,2011,4,16.21221729,73.61483672
1/5/2011,AUS,2011,5,12.38124564,74.29783437
1/6/2011,AUS,2011,6,10.94817896,76.05368388
1/7/2011,AUS,2011,7,10.15446222,74.4021795
1/8/2011,AUS,2011,8,12.07070699,74.29154777
1/9/2011,AUS,2011,9,13.73162365,65.28839994
1/10/2011,AUS,2011,10,15.92501526,69.78814599
1/11/2011,AUS,2011,11,19.51837643,67.78411176
1/12/2011,AUS,2011,12,19.27802874,66.97482715
1/1/2012,AUS,2012,1,21.73454812,65.33047319
1/2/2012,AUS,2012,2,21.07997079,70.98610912
1/3/2012,AUS,2012,3,18.98345357,71.03747101
1/4/2012,AUS,2012,4,16.75371212,72.16107004
1/5/2012,AUS,2012,5,12.73538876,72.94254822
1/6/2012,AUS,2012,6,10.83906628,78.92794879
1/7/2012,AUS,2012,7,10.29233761,76.64767553
1/8/2012,AUS,2012,8,11.10217056,66.83171433
1/9/2012,AUS,2012,9,13.85954036,65.29431967
1/10/2012,AUS,2012,10,16.09439045,61.57337346
1/11/2012,AUS,2012,11,19.0473068,64.44473169
1/12/2012,AUS,2012,12,20.89790103,61.89796585
1/1/2013,AUS,2013,1,22.53731624,62.66348258
1/2/2013,AUS,2013,2,21.71555055,66.60611155
1/3/2013,AUS,2013,3,20.28727599,67.58484792
1/4/2013,AUS,2013,4,16.85143146,70.93673229
1/5/2013,AUS,2013,5,13.41418938,73.96166828
1/6/2013,AUS,2013,6,11.18851604,80.72512014
1/7/2013,AUS,2013,7,11.21584171,77.9678354
1/8/2013,AUS,2013,8,12.32424873,68.67684875
1/9/2013,AUS,2013,9,15.5957135,65.99501532
1/10/2013,AUS,2013,10,16.62095057,60.46190167
1/11/2013,AUS,2013,11,18.19590808,64.50320307
1/12/2013,AUS,2013,12,20.76203582,60.41114803
1/1/2014,AUS,2014,1,22.56321512,60.12494441
1/2/2014,AUS,2014,2,21.92200612,63.44293923
1/3/2014,AUS,2014,3,20.25319736,70.12769181
1/4/2014,AUS,2014,4,17.21843889,72.47569946
1/5/2014,AUS,2014,5,14.52645601,75.04016305
1/6/2014,AUS,2014,6,11.84970791,77.47750466
1/7/2014,AUS,2014,7,10.56718202,73.06476936
1/8/2014,AUS,2014,8,11.42580587,73.53525177
1/9/2014,AUS,2014,9,14.05666629,67.09327285
1/10/2014,AUS,2014,10,17.34619959,62.46503028
1/11/2014,AUS,2014,11,19.70462876,61.81933637
1/12/2014,AUS,2014,12,20.86720729,65.28762227
1/1/2015,AUS,2015,1,22.05339168,66.00878731
1/2/2015,AUS,2015,2,22.03259505,67.68148735
1/3/2015,AUS,2015,3,19.67619441,66.41345929
1/4/2015,AUS,2015,4,16.0532444,72.73765486
1/5/2015,AUS,2015,5,13.36142154,74.14459831
1/6/2015,AUS,2015,6,11.21471153,78.94288148
1/7/2015,AUS,2015,7,9.955263591,75.15139185
1/8/2015,AUS,2015,8,11.32677028,72.28935712
1/9/2015,AUS,2015,9,13.38878917,68.33140526
1/10/2015,AUS,2015,10,18.53866019,62.60136235
1/11/2015,AUS,2015,11,19.69452185,65.44070838
1/12/2015,AUS,2015,12,21.46531641,59.18653183
1/1/2016,AUS,2016,1,22.03644902,65.66248837
1/2/2016,AUS,2016,2,22.14395671,64.96988519
1/3/2016,AUS,2016,3,21.02179873,69.13268315
1/4/2016,AUS,2016,4,18.10269767,69.88946549
1/5/2016,AUS,2016,5,14.6011324,70.8011917
1/6/2016,AUS,2016,6,11.58123593,77.94653847
1/7/2016,AUS,2016,7,11.30353725,76.365974
1/8/2016,AUS,2016,8,11.56279903,72.97098764
1/9/2016,AUS,2016,9,13.64459452,72.50523036
1/10/2016,AUS,2016,10,15.39774655,62.13585836
1/11/2016,AUS,2016,11,18.73884489,62.31652276
1/12/2016,AUS,2016,12,21.57304302,62.15432589
1/1/2017,AUS,2017,1,23.07025283,63.3015278
1/2/2017,AUS,2017,2,22.28783966,64.3165632
1/3/2017,AUS,2017,3,21.09154506,70.97241747
1/4/2017,AUS,2017,4,16.53294778,70.38594135
1/5/2017,AUS,2017,5,13.61954535,75.54838487
1/6/2017,AUS,2017,6,11.19505728,78.24199307
1/7/2017,AUS,2017,7,10.66854946,71.47300983
1/8/2017,AUS,2017,8,11.50339205,66.60293702
1/9/2017,AUS,2017,9,14.40468188,59.72038786
1/10/2017,AUS,2017,10,17.16799907,68.60265532
1/11/2017,AUS,2017,11,19.37002536,64.80320611
1/12/2017,AUS,2017,12,21.54006635,64.01256204
1/1/2018,AUS,2018,1,23.05342487,61.20759064
1/2/2018,AUS,2018,2,22.03498625,63.49501235
1/3/2018,AUS,2018,3,20.48000387,66.26266297
1/4/2018,AUS,2018,4,18.34212174,67.87799609
1/5/2018,AUS,2018,5,13.8644616,68.83163614
1/6/2018,AUS,2018,6,10.90135642,76.41687334
1/7/2018,AUS,2018,7,11.03130403,68.0824641
1/8/2018,AUS,2018,8,11.26997687,64.14955557
1/9/2018,AUS,2018,9,13.40743326,65.87362358
1/10/2018,AUS,2018,10,16.8146406,69.25764049
1/11/2018,AUS,2018,11,18.72988319,62.19106048
1/12/2018,AUS,2018,12,21.93700535,63.49268464
1/1/2019,AUS,2019,1,24.03585411,61.71209422
1/2/2019,AUS,2019,2,22.0745357,61.9005385
1/3/2019,AUS,2019,3,20.88480807,66.58866956
1/4/2019,AUS,2019,4,17.58981276,67.61620808
1/5/2019,AUS,2019,5,13.85014771,71.14746023
1/6/2019,AUS,2019,6,11.46154999,76.31077664
1/7/2019,AUS,2019,7,11.34149996,73.05417114
1/8/2019,AUS,2019,8,11.38913567,66.65686789
1/9/2019,AUS,2019,9,14.11711991,63.90180762
1/10/2019,AUS,2019,10,17.13037568,61.05968391
1/11/2019,AUS,2019,11,19.19737329,56.53066715
1/12/2019,AUS,2019,12,22.2388659,55.52587444
1/1/2020,AUS,2020,1,22.89987632,64.45433527
1/2/2020,AUS,2020,2,21.66635065,70.85385243
1/3/2020,AUS,2020,3,19.36510475,68.70666167
1/4/2020,AUS,2020,4,16.9001596,70.61742025
1/5/2020,AUS,2020,5,12.9589924,73.63921195
1/6/2020,AUS,2020,6,11.46031207,78.1069773
1/7/2020,AUS,2020,7,10.90759442,77.73674245
1/8/2020,AUS,2020,8,11.48349599,70.81746244
1/9/2020,AUS,2020,9,14.70422078,68.22590562
1/10/2020,AUS,2020,10,16.8335067,69.12166359
1/11/2020,AUS,2020,11,19.86863144,62.30805699
1/12/2020,AUS,2020,12,20.24765395,64.96430239
1/1/2021,AUS,2021,1,21.62022786,64.74209943
1/2/2021,AUS,2021,2,20.84348613,68.37021176
1/3/2021,AUS,2021,3,19.28835192,71.53173478
1/4/2021,AUS,2021,4,16.26774726,69.39928409
1/5/2021,AUS,2021,5,13.44907489,73.71867908
1/6/2021,AUS,2021,6,11.31101173,79.16044282
1/7/2021,AUS,2021,7,10.82251297,75.6630622
1/8/2021,AUS,2021,8,12.13548716,71.14303663
1/9/2021,AUS,2021,9,13.98451342,66.20371398
1/10/2021,AUS,2021,10,15.97089066,67.54015943
1/11/2021,AUS,2021,11,17.68081958,70.53121464
1/12/2021,AUS,2021,12,20.36661583,66.09385155
1/1/2022,AUS,2022,1,22.78588977,69.34290456
1/2/2022,AUS,2022,2,21.20226142,68.24795102
1/3/2022,AUS,2022,3,20.0877248,73.68050159
1/4/2022,AUS,2022,4,17.2809645,75.39708478
1/5/2022,AUS,2022,5,13.95120991,80.0232145
1/6/2022,AUS,2022,6,10.71196828,77.25955004
1/7/2022,AUS,2022,7,10.32304309,77.86192185
1/8/2022,AUS,2022,8,11.70690433,75.17875069
1/9/2022,AUS,2022,9,13.38856753,74.48612036
1/10/2022,AUS,2022,10,15.8543574,74.18774112
1/11/2022,AUS,2022,11,16.95849918,66.21032113
1/12/2022,AUS,2022,12,19.3660288,63.57193348
1/1/2023,AUS,2023,1,21.65445845,67.0418358
1/2/2023,AUS,2023,2,21.51805345,64.91056872
1/3/2023,AUS,2023,3,20.35373588,69.92062667
1/4/2023,AUS,2023,4,16.29885006,73.05992998
1/5/2023,AUS,2023,5,12.53833596,71.19225202
1/6/2023,AUS,2023,6,11.4309507,75.53340301
1/7/2023,AUS,2023,7,11.41142124,75.38676713
1/8/2023,AUS,2023,8,12.49711496,73.77721351
1/9/2023,AUS,2023,9,15.40402097,63.89854844
1/10/2023,AUS,2023,10,16.74564135,61.08678905
1/11/2023,AUS,2023,11,19.25580586,68.59791859
1/12/2023,AUS,2023,12,21.62692573,66.77173935
1/1/2007,NSW,2007,1,22.60850153,63.33058064
1/2/2007,NSW,2007,2,21.7997515,74.21156029
1/3/2007,NSW,2007,3,20.41720553,70.76239682
1/4/2007,NSW,2007,4,16.64812685,74.39405029
1/5/2007,NSW,2007,5,14.49674989,71.8652088
1/6/2007,NSW,2007,6,9.948003646,78.69592571
1/7/2007,NSW,2007,7,9.339423542,68.35378379
1/8/2007,NSW,2007,8,12.50587834,66.22491157
1/9/2007,NSW,2007,9,13.92857992,60.65798022
1/10/2007,NSW,2007,10,18.11389332,56.56752143
1/11/2007,NSW,2007,11,18.82989794,74.15521185
1/12/2007,NSW,2007,12,20.07741597,72.48584502
1/1/2008,NSW,2008,1,21.59708594,73.48741374
1/2/2008,NSW,2008,2,19.40452424,73.89735374
1/3/2008,NSW,2008,3,19.02913156,70.25083825
1/4/2008,NSW,2008,4,14.64958175,73.12706628
1/5/2008,NSW,2008,5,12.48274213,72.96261304
1/6/2008,NSW,2008,6,12.0433961,77.92772317
1/7/2008,NSW,2008,7,9.442758886,69.46115812
1/8/2008,NSW,2008,8,9.468139375,65.33004265
1/9/2008,NSW,2008,9,14.1692368,63.89944782
1/10/2008,NSW,2008,10,17.15036223,64.67571932
1/11/2008,NSW,2008,11,18.28205447,66.72639352
1/12/2008,NSW,2008,12,20.40253193,64.01278923
1/1/2009,NSW,2009,1,22.8400997,62.01103244
1/2/2009,NSW,2009,2,21.60831063,71.48672303
1/3/2009,NSW,2009,3,19.94029017,69.14512694
1/4/2009,NSW,2009,4,16.26833907,73.49135892
1/5/2009,NSW,2009,5,13.38392302,74.5203757
1/6/2009,NSW,2009,6,10.97240853,76.40518169
1/7/2009,NSW,2009,7,10.03443577,70.25251093
1/8/2009,NSW,2009,8,12.49453441,58.70364494
1/9/2009,NSW,2009,9,15.16360757,58.48382275
1/10/2009,NSW,2009,10,15.69687784,66.11351763
1/11/2009,NSW,2009,11,21.57964526,63.43309692
1/12/2009,NSW,2009,12,21.55588908,65.61241979
1/1/2010,NSW,2010,1,23.12549083,66.51421319
1/2/2010,NSW,2010,2,22.19250939,73.03789347
1/3/2010,NSW,2010,3,20.07989348,71.25773968
1/4/2010,NSW,2010,4,17.11279272,71.78457717
1/5/2010,NSW,2010,5,13.0981185,74.94680268
1/6/2010,NSW,2010,6,10.25170073,75.55545705
1/7/2010,NSW,2010,7,10.21225216,78.24809271
1/8/2010,NSW,2010,8,10.56907245,65.70134738
1/9/2010,NSW,2010,9,13.68177738,66.42965174
1/10/2010,NSW,2010,10,16.02508892,73.25718304
1/11/2010,NSW,2010,11,18.53340775,73.24493674
1/12/2010,NSW,2010,12,20.37566691,70.47013852
1/1/2011,NSW,2011,1,22.53011646,72.44870346
1/2/2011,NSW,2011,2,22.65099412,69.67482526
1/3/2011,NSW,2011,3,19.64922562,75.05857021
1/4/2011,NSW,2011,4,15.67417989,74.48936859
1/5/2011,NSW,2011,5,11.76969631,72.39233856
1/6/2011,NSW,2011,6,10.53191366,73.73586085
1/7/2011,NSW,2011,7,9.507698531,71.53074511
1/8/2011,NSW,2011,8,11.78969007,73.55594556
1/9/2011,NSW,2011,9,13.99523737,61.90567636
1/10/2011,NSW,2011,10,15.7628937,69.39643382
1/11/2011,NSW,2011,11,19.97706547,71.24830559
1/12/2011,NSW,2011,12,17.78846843,72.28813152
1/1/2012,NSW,2012,1,20.89629484,71.25646803
1/2/2012,NSW,2012,2,20.35163793,78.47237883
1/3/2012,NSW,2012,3,18.54999197,76.5183489
1/4/2012,NSW,2012,4,16.48122975,75.04277811
1/5/2012,NSW,2012,5,12.0227846,70.93422817
1/6/2012,NSW,2012,6,10.23974262,79.57271503
1/7/2012,NSW,2012,7,9.817894583,74.63896543
1/8/2012,NSW,2012,8,10.78464838,59.88863187
1/9/2012,NSW,2012,9,14.07060323,60.09458491
1/10/2012,NSW,2012,10,16.2464258,58.71861103
1/11/2012,NSW,2012,11,19.36222232,67.11504802
1/12/2012,NSW,2012,12,20.95060085,65.34079336
1/1/2013,NSW,2013,1,23.06791731,67.99493442
1/2/2013,NSW,2013,2,20.67791026,74.52056137
1/3/2013,NSW,2013,3,19.83511818,72.03436645
1/4/2013,NSW,2013,4,16.25630117,72.17787351
1/5/2013,NSW,2013,5,12.9009855,72.80041838
1/6/2013,NSW,2013,6,11.07658418,81.32984815
1/7/2013,NSW,2013,7,10.69873463,75.32788812
1/8/2013,NSW,2013,8,12.02166862,61.00727882
1/9/2013,NSW,2013,9,16.21313283,58.69209748
1/10/2013,NSW,2013,10,17.5268025,52.53322748
1/11/2013,NSW,2013,11,18.2337668,64.97714317
1/12/2013,NSW,2013,12,21.31457613,60.90322052
1/1/2014,NSW,2014,1,22.30970472,63.47403355
1/2/2014,NSW,2014,2,21.44941689,70.0468695
1/3/2014,NSW,2014,3,20.11149789,76.22089044
1/4/2014,NSW,2014,4,17.10375296,74.16368574
1/5/2014,NSW,2014,5,14.15508636,72.18095109
1/6/2014,NSW,2014,6,11.44385435,74.51435363
1/7/2014,NSW,2014,7,10.22016097,67.29111279
1/8/2014,NSW,2014,8,10.74690903,74.13296686
1/9/2014,NSW,2014,9,14.01497693,64.86191947
1/10/2014,NSW,2014,10,17.88371343,60.08437243
1/11/2014,NSW,2014,11,20.459021,63.35925816
1/12/2014,NSW,2014,12,21.44958457,67.72667395
1/1/2015,NSW,2015,1,22.15867122,70.72232257
1/2/2015,NSW,2015,2,21.34620198,74.35171582
1/3/2015,NSW,2015,3,19.91950479,68.10531883
1/4/2015,NSW,2015,4,16.13532768,76.60969053
1/5/2015,NSW,2015,5,13.24480407,73.38229985
1/6/2015,NSW,2015,6,10.44762664,78.99504928
1/7/2015,NSW,2015,7,9.108810849,73.02194144
1/8/2015,NSW,2015,8,11.20004941,67.99878166
1/9/2015,NSW,2015,9,13.26606953,68.01097976
1/10/2015,NSW,2015,10,18.90829798,64.29605035
1/11/2015,NSW,2015,11,20.07784637,67.98077206
1/12/2015,NSW,2015,12,21.03949016,64.5036873
1/1/2016,NSW,2016,1,21.74127947,70.02430262
1/2/2016,NSW,2016,2,22.34700923,68.48189281
1/3/2016,NSW,2016,3,21.01517756,71.34758846
1/4/2016,NSW,2016,4,18.26817446,72.60700418
1/5/2016,NSW,2016,5,14.40937125,65.59168763
1/6/2016,NSW,2016,6,11.38494258,74.09481191
1/7/2016,NSW,2016,7,11.0380464,73.3036736
1/8/2016,NSW,2016,8,11.27281247,70.66921402
1/9/2016,NSW,2016,9,13.99266538,69.33866995
1/10/2016,NSW,2016,10,16.02532148,57.4180482
1/11/2016,NSW,2016,11,19.71961887,59.59171859
1/12/2016,NSW,2016,12,22.80608904,62.87263295
1/1/2017,NSW,2017,1,24.33173733,65.03247286
1/2/2017,NSW,2017,2,23.53588621,65.63356174
1/3/2017,NSW,2017,3,20.586921,77.82705172
1/4/2017,NSW,2017,4,15.98794131,71.93965305
1/5/2017,NSW,2017,5,13.27708794,74.40549795
1/6/2017,NSW,2017,6,10.95316441,79.34091212
1/7/2017,NSW,2017,7,10.16099262,63.57620797
1/8/2017,NSW,2017,8,11.25836781,58.39543579
1/9/2017,NSW,2017,9,15.10428146,47.93998237
1/10/2017,NSW,2017,10,17.84575303,67.33605196
1/11/2017,NSW,2017,11,18.38757725,69.06940538
1/12/2017,NSW,2017,12,22.59150457,65.6312295
1/1/2018,NSW,2018,1,23.53813287,62.00352128
1/2/2018,NSW,2018,2,22.15457973,64.00582385
1/3/2018,NSW,2018,3,20.70208799,69.28514972
1/4/2018,NSW,2018,4,19.1053863,67.18504768
1/5/2018,NSW,2018,5,13.47754505,65.37667122
1/6/2018,NSW,2018,6,10.62398774,74.84149338
1/7/2018,NSW,2018,7,10.55009441,59.19746334
1/8/2018,NSW,2018,8,11.16076238,57.20374089
1/9/2018,NSW,2018,9,13.75066879,62.95286953
1/10/2018,NSW,2018,10,16.87948364,72.16029344
1/11/2018,NSW,2018,11,19.26968358,61.62876444
1/12/2018,NSW,2018,12,22.49310947,64.22067785
1/1/2019,NSW,2019,1,25.39884029,67.48020799
1/2/2019,NSW,2019,2,22.17450499,65.0403892
1/3/2019,NSW,2019,3,20.85440541,70.40520307
1/4/2019,NSW,2019,4,17.75700417,71.06897983
1/5/2019,NSW,2019,5,13.8441387,67.52305158
1/6/2019,NSW,2019,6,11.1983677,75.48891442
1/7/2019,NSW,2019,7,11.07679917,66.34639157
1/8/2019,NSW,2019,8,11.2601856,59.73077067
1/9/2019,NSW,2019,9,14.485836,59.24313044
1/10/2019,NSW,2019,10,17.79717291,56.23900811
1/11/2019,NSW,2019,11,20.52029448,50.82212355
1/12/2019,NSW,2019,12,22.79525369,53.71486164
1/1/2020,NSW,2020,1,24.09731928,67.30958215
1/2/2020,NSW,2020,2,21.79775927,73.09944442
1/3/2020,NSW,2020,3,19.05334375,73.39835635
1/4/2020,NSW,2020,4,16.92417191,69.18657162
1/5/2020,NSW,2020,5,12.71748221,73.28104194
1/6/2020,NSW,2020,6,11.00005018,77.17919338
1/7/2020,NSW,2020,7,10.74848677,76.65216022
1/8/2020,NSW,2020,8,11.10865126,66.12042271
1/9/2020,NSW,2020,9,14.98300317,65.80459506
1/10/2020,NSW,2020,10,17.41840309,69.35099431
1/11/2020,NSW,2020,11,20.14414156,63.67980443
1/12/2020,NSW,2020,12,20.28879669,70.55898713
1/1/2021,NSW,2021,1,21.63855472,68.32660634
1/2/2021,NSW,2021,2,20.63668783,74.65505698
1/3/2021,NSW,2021,3,19.01894039,73.68237382
1/4/2021,NSW,2021,4,15.65924291,68.92785801
1/5/2021,NSW,2021,5,13.07612287,73.91061757
1/6/2021,NSW,2021,6,10.67736079,77.33613944
1/7/2021,NSW,2021,7,10.19108373,71.50633737
1/8/2021,NSW,2021,8,11.87157617,66.15907661
1/9/2021,NSW,2021,9,14.20317508,62.54738567
1/10/2021,NSW,2021,10,16.35550776,65.04779421
1/11/2021,NSW,2021,11,17.59112246,75.15295453
1/12/2021,NSW,2021,12,20.12733263,71.94198369
1/1/2022,NSW,2022,1,22.08713889,76.80653508
1/2/2022,NSW,2022,2,20.64436034,74.82707221
1/3/2022,NSW,2022,3,19.38405,80.42532706
1/4/2022,NSW,2022,4,16.90045636,78.49585981
1/5/2022,NSW,2022,5,13.7001826,79.59029328
1/6/2022,NSW,2022,6,9.841162252,72.91282882
1/7/2022,NSW,2022,7,10.25453766,77.02501338
1/8/2022,NSW,2022,8,11.6569942,72.46845351
1/9/2022,NSW,2022,9,13.30824828,73.49060682
1/10/2022,NSW,2022,10,16.1095822,74.86598265
1/11/2022,NSW,2022,11,16.7749316,64.30254954
1/12/2022,NSW,2022,12,18.71967463,64.33918877
1/1/2023,NSW,2023,1,21.16237656,73.12335881
1/2/2023,NSW,2023,2,21.73370374,67.13387675
1/3/2023,NSW,2023,3,21.04624791,69.33833013
1/4/2023,NSW,2023,4,15.98866938,74.75164788
1/5/2023,NSW,2023,5,11.90253629,67.78119123
1/6/2023,NSW,2023,6,10.79354137,71.38678765
1/7/2023,NSW,2023,7,11.16031856,71.05637698
1/8/2023,NSW,2023,8,12.45671061,70.84907171
1/9/2023,NSW,2023,9,15.91846305,57.21819709
1/10/2023,NSW,2023,10,17.57118414,55.6514131
1/11/2023,NSW,2023,11,19.44954324,71.4761861
1/12/2023,NSW,2023,12,22.48472782,67.84257215
1/1/2007,NT,2007,1,28.60918644,72.11964208
1/2/2007,NT,2007,2,29.04596419,67.15017128
1/3/2007,NT,2007,3,27.09811254,75.72392317
1/4/2007,NT,2007,4,26.73043004,59.90163089
1/5/2007,NT,2007,5,25.40808053,62.43835108
1/6/2007,NT,2007,6,20.38319985,51.88937706
1/7/2007,NT,2007,7,19.90275262,53.05598178
1/8/2007,NT,2007,8,22.32135618,52.53188245
1/9/2007,NT,2007,9,25.58906874,52.48928539
1/10/2007,NT,2007,10,28.40620626,54.38994148
1/11/2007,NT,2007,11,28.70541811,60.985749
1/12/2007,NT,2007,12,29.30772456,64.32483334
1/1/2008,NT,2008,1,29.56412083,65.80967962
1/2/2008,NT,2008,2,27.73706007,72.07534931
1/3/2008,NT,2008,3,27.40859152,67.01016433
1/4/2008,NT,2008,4,25.43297327,53.48883238
1/5/2008,NT,2008,5,22.98808795,49.45490088
1/6/2008,NT,2008,6,21.85290376,56.02801381
1/7/2008,NT,2008,7,20.74651683,48.35810681
1/8/2008,NT,2008,8,22.08236718,45.18399721
1/9/2008,NT,2008,9,26.14690174,54.97762469
1/10/2008,NT,2008,10,28.79639419,51.61942412
1/11/2008,NT,2008,11,29.25813212,63.34704624
1/12/2008,NT,2008,12,28.56769298,69.71677529
1/1/2009,NT,2009,1,28.28437878,73.34494397
1/2/2009,NT,2009,2,27.75427882,71.01928286
1/3/2009,NT,2009,3,28.42637385,60.07618843
1/4/2009,NT,2009,4,27.1999508,58.0566582
1/5/2009,NT,2009,5,24.04084331,56.10255346
1/6/2009,NT,2009,6,21.72821935,57.48971324
1/7/2009,NT,2009,7,21.19158579,51.80901765
1/8/2009,NT,2009,8,23.73586609,54.44804361
1/9/2009,NT,2009,9,26.69329929,53.96525178
1/10/2009,NT,2009,10,27.677504,49.59796354
1/11/2009,NT,2009,11,29.34918744,55.66349218
1/12/2009,NT,2009,12,28.95312548,65.65094387
1/1/2010,NT,2010,1,28.24557441,72.54835605
1/2/2010,NT,2010,2,28.80676144,70.55839662
1/3/2010,NT,2010,3,27.83824439,67.07379921
1/4/2010,NT,2010,4,26.68463491,71.41608235
1/5/2010,NT,2010,5,24.84423659,67.41832591
1/6/2010,NT,2010,6,21.65657082,54.58230123
1/7/2010,NT,2010,7,23.2132096,59.91458159
1/8/2010,NT,2010,8,23.04948811,54.47446947
1/9/2010,NT,2010,9,26.12998212,62.36912422
1/10/2010,NT,2010,10,26.83833733,63.78276539
1/11/2010,NT,2010,11,27.75312994,62.46850934
1/12/2010,NT,2010,12,28.0325406,69.65588751
1/1/2011,NT,2011,1,28.01573302,73.67125837
1/2/2011,NT,2011,2,26.93913603,79.05962367
1/3/2011,NT,2011,3,26.14994664,80.70832711
1/4/2011,NT,2011,4,24.92514344,67.10939673
1/5/2011,NT,2011,5,21.61186086,56.96948163
1/6/2011,NT,2011,6,18.64369608,56.26381237
1/7/2011,NT,2011,7,21.11316755,56.57805908
1/8/2011,NT,2011,8,21.97865298,51.85998715
1/9/2011,NT,2011,9,24.84772487,52.22988364
1/10/2011,NT,2011,10,28.03787022,58.92350835
1/11/2011,NT,2011,11,28.13261646,65.73917451
1/12/2011,NT,2011,12,28.84414696,66.7722845
1/1/2012,NT,2012,1,28.99113689,66.24599035
1/2/2012,NT,2012,2,28.36999353,66.6606386
1/3/2012,NT,2012,3,26.67670799,73.22769993
1/4/2012,NT,2012,4,25.79552648,62.88743247
1/5/2012,NT,2012,5,23.01302692,54.95582696
1/6/2012,NT,2012,6,19.6735604,52.82167408
1/7/2012,NT,2012,7,20.46897553,48.83621823
1/8/2012,NT,2012,8,21.6517345,50.78051279
1/9/2012,NT,2012,9,25.58394134,53.13473533
1/10/2012,NT,2012,10,28.01828067,52.64420461
1/11/2012,NT,2012,11,29.69927864,58.64482893
1/12/2012,NT,2012,12,29.94625807,61.41462608
1/1/2013,NT,2013,1,30.02133803,64.24844314
1/2/2013,NT,2013,2,28.99487594,66.13550032
1/3/2013,NT,2013,3,28.22582248,69.64367893
1/4/2013,NT,2013,4,26.77784974,58.17459786
1/5/2013,NT,2013,5,25.16994658,63.71599651
1/6/2013,NT,2013,6,22.9072063,55.05614896
1/7/2013,NT,2013,7,22.08706666,52.52768517
1/8/2013,NT,2013,8,23.07429346,52.02164838
1/9/2013,NT,2013,9,26.6821517,53.01432802
1/10/2013,NT,2013,10,28.49671378,52.83339642
1/11/2013,NT,2013,11,28.89350965,60.8751744
1/12/2013,NT,2013,12,28.79783944,66.28435019
1/1/2014,NT,2014,1,28.38131234,70.63190343
1/2/2014,NT,2014,2,27.38758532,73.30810671
1/3/2014,NT,2014,3,28.04906497,64.31988683
1/4/2014,NT,2014,4,27.02740553,67.93653976
1/5/2014,NT,2014,5,24.99877423,63.01766458
1/6/2014,NT,2014,6,21.6635293,53.00941205
1/7/2014,NT,2014,7,21.07067714,56.95269775
1/8/2014,NT,2014,8,21.17489553,43.63793134
1/9/2014,NT,2014,9,25.27789796,52.85708327
1/10/2014,NT,2014,10,28.16676582,50.4570762
1/11/2014,NT,2014,11,29.74294932,56.33359669
1/12/2014,NT,2014,12,29.54114181,66.5426696
1/1/2015,NT,2015,1,27.82782232,74.40820297
1/2/2015,NT,2015,2,29.01100133,65.94272408
1/3/2015,NT,2015,3,28.83278544,63.1723392
1/4/2015,NT,2015,4,26.24733777,56.51859325
1/5/2015,NT,2015,5,23.63439803,53.61535298
1/6/2015,NT,2015,6,22.55937562,55.22427036
1/7/2015,NT,2015,7,21.09697434,50.71443736
1/8/2015,NT,2015,8,22.51120249,53.66734549
1/9/2015,NT,2015,9,24.79914629,50.66285806
1/10/2015,NT,2015,10,28.23141227,50.91036816
1/11/2015,NT,2015,11,30.25190242,55.02857317
1/12/2015,NT,2015,12,28.53548809,70.3760674
1/1/2016,NT,2016,1,29.41851564,66.58665733
1/2/2016,NT,2016,2,29.61407629,65.51370319
1/3/2016,NT,2016,3,29.26145252,68.633039
1/4/2016,NT,2016,4,28.10507328,57.02136229
1/5/2016,NT,2016,5,26.03459374,65.88671075
1/6/2016,NT,2016,6,23.94799238,63.27362754
1/7/2016,NT,2016,7,21.74471034,55.73364231
1/8/2016,NT,2016,8,23.19730766,53.71845798
1/9/2016,NT,2016,9,26.06397374,64.87201628
1/10/2016,NT,2016,10,27.78086786,54.90010533
1/11/2016,NT,2016,11,29.61146779,57.54236047
1/12/2016,NT,2016,12,28.63501185,70.89842479
1/1/2017,NT,2017,1,28.12956355,75.99111196
1/2/2017,NT,2017,2,27.97820243,70.15814589
1/3/2017,NT,2017,3,28.32804818,69.35280517
1/4/2017,NT,2017,4,26.26377594,63.00625607
1/5/2017,NT,2017,5,24.47232415,55.66670857
1/6/2017,NT,2017,6,21.94310926,52.10615872
1/7/2017,NT,2017,7,23.11287817,57.68344201
1/8/2017,NT,2017,8,23.30695909,50.68822386
1/9/2017,NT,2017,9,25.92495541,51.9530885
1/10/2017,NT,2017,10,28.63257121,58.14892447
1/11/2017,NT,2017,11,28.74732649,62.57860474
1/12/2017,NT,2017,12,29.6640805,60.99929962
1/1/2018,NT,2018,1,28.34184245,72.41579203
1/2/2018,NT,2018,2,28.38971735,71.42488205
1/3/2018,NT,2018,3,28.06606231,67.66067121
1/4/2018,NT,2018,4,27.4818194,58.87482491
1/5/2018,NT,2018,5,23.72331034,49.17966857
1/6/2018,NT,2018,6,21.79508227,51.79020231
1/7/2018,NT,2018,7,22.01454276,52.48831578
1/8/2018,NT,2018,8,22.56246505,49.35363029
1/9/2018,NT,2018,9,25.80533202,52.41054168
1/10/2018,NT,2018,10,28.64079228,56.26790731
1/11/2018,NT,2018,11,29.20231327,62.32136994
1/12/2018,NT,2018,12,30.75322324,60.50393445
1/1/2019,NT,2019,1,30.08466536,65.608323
1/2/2019,NT,2019,2,29.55393082,63.13195141
1/3/2019,NT,2019,3,29.06286101,63.14809527
1/4/2019,NT,2019,4,26.77271705,61.81638346
1/5/2019,NT,2019,5,24.25520016,56.81735513
1/6/2019,NT,2019,6,21.30519504,49.24469542
1/7/2019,NT,2019,7,21.48106543,51.38385412
1/8/2019,NT,2019,8,22.16936306,46.01534412
1/9/2019,NT,2019,9,24.89766844,50.22848359
1/10/2019,NT,2019,10,28.30813906,51.6369195
1/11/2019,NT,2019,11,29.61961524,53.0397558
1/12/2019,NT,2019,12,31.32742752,54.75922411
1/1/2020,NT,2020,1,29.53586253,68.06891885
1/2/2020,NT,2020,2,29.60312603,66.71432759
1/3/2020,NT,2020,3,28.34349891,66.32245159
1/4/2020,NT,2020,4,27.6673858,62.49687367
1/5/2020,NT,2020,5,23.72470656,51.93491701
1/6/2020,NT,2020,6,22.54002911,53.53967346
1/7/2020,NT,2020,7,21.487979,47.59291574
1/8/2020,NT,2020,8,24.14153552,53.23178297
1/9/2020,NT,2020,9,27.22529168,54.2421136
1/10/2020,NT,2020,10,27.93123969,58.78265213
1/11/2020,NT,2020,11,30.67545558,54.36376188
1/12/2020,NT,2020,12,27.9845238,72.71737582
1/1/2021,NT,2021,1,28.51576237,71.04478794
1/2/2021,NT,2021,2,27.70258355,74.37470289
1/3/2021,NT,2021,3,27.49423613,72.37817034
1/4/2021,NT,2021,4,26.19126896,60.92570618
1/5/2021,NT,2021,5,24.06562071,54.28879887
1/6/2021,NT,2021,6,22.2434553,58.48091565
1/7/2021,NT,2021,7,22.7914083,54.36280704
1/8/2021,NT,2021,8,23.92336926,49.70931875
1/9/2021,NT,2021,9,26.4487676,51.32514632
1/10/2021,NT,2021,10,29.05331735,58.78007362
1/11/2021,NT,2021,11,28.73997059,61.80564193
1/12/2021,NT,2021,12,29.66320473,63.39942725
1/1/2022,NT,2022,1,28.90482223,72.30679079
1/2/2022,NT,2022,2,27.75959268,70.96976766
1/3/2022,NT,2022,3,28.87485217,65.33087579
1/4/2022,NT,2022,4,27.65626607,63.474658
1/5/2022,NT,2022,5,25.20788961,59.95821499
1/6/2022,NT,2022,6,22.61578997,54.94465211
1/7/2022,NT,2022,7,19.48936556,51.40291261
1/8/2022,NT,2022,8,23.3040528,52.85553264
1/9/2022,NT,2022,9,26.66987249,59.20492676
1/10/2022,NT,2022,10,28.4426221,61.93169514
1/11/2022,NT,2022,11,28.21686116,65.07237198
1/12/2022,NT,2022,12,28.68879379,67.2659868
1/1/2023,NT,2023,1,27.89286573,75.20491069
1/2/2023,NT,2023,2,27.73433301,73.28744355
1/3/2023,NT,2023,3,27.95735457,68.99922949
1/4/2023,NT,2023,4,26.27205601,68.74299997
1/5/2023,NT,2023,5,22.50148576,51.45694671
1/6/2023,NT,2023,6,23.08012211,62.39957107
1/7/2023,NT,2023,7,21.9317705,57.51271133
1/8/2023,NT,2023,8,23.65740493,53.37478795
1/9/2023,NT,2023,9,25.96078178,52.05460074
1/10/2023,NT,2023,10,28.36694454,52.6195558
1/11/2023,NT,2023,11,29.32900534,62.1025646
1/12/2023,NT,2023,12,30.24081731,64.32689047
1/1/2007,QLD,2007,1,24.80905464,71.0199433
1/2/2007,QLD,2007,2,23.94191501,71.94340953
1/3/2007,QLD,2007,3,24.03175792,70.89981252
1/4/2007,QLD,2007,4,20.92240776,68.41985985
1/5/2007,QLD,2007,5,19.4395802,73.28176747
1/6/2007,QLD,2007,6,14.28289181,72.26944987
1/7/2007,QLD,2007,7,12.984252,59.31708492
1/8/2007,QLD,2007,8,16.16852647,68.85579308
1/9/2007,QLD,2007,9,18.56039698,65.74747371
1/10/2007,QLD,2007,10,21.8204804,67.32116638
1/11/2007,QLD,2007,11,21.67793704,70.2665979
1/12/2007,QLD,2007,12,23.52089097,73.01442953
1/1/2008,QLD,2008,1,24.06485313,77.49965401
1/2/2008,QLD,2008,2,23.51033339,76.70716873
1/3/2008,QLD,2008,3,21.5799981,71.6745276
1/4/2008,QLD,2008,4,19.06508068,68.79997773
1/5/2008,QLD,2008,5,16.69673527,69.1841573
1/6/2008,QLD,2008,6,15.83095768,76.36986283
1/7/2008,QLD,2008,7,14.08413285,71.50291214
1/8/2008,QLD,2008,8,14.05841801,59.81061983
1/9/2008,QLD,2008,9,18.75765521,70.79106172
1/10/2008,QLD,2008,10,20.25160418,66.48469673
1/11/2008,QLD,2008,11,22.89951205,70.5911154
1/12/2008,QLD,2008,12,24.89829534,67.42140205
1/1/2009,QLD,2009,1,24.43011563,72.14536151
1/2/2009,QLD,2009,2,24.35080025,75.60396932
1/3/2009,QLD,2009,3,23.21779985,71.41465464
1/4/2009,QLD,2009,4,20.86691647,72.41941759
1/5/2009,QLD,2009,5,17.24316251,73.86805435
1/6/2009,QLD,2009,6,14.93962359,75.75273407
1/7/2009,QLD,2009,7,14.05346877,67.78983387
1/8/2009,QLD,2009,8,17.33840676,65.32782076
1/9/2009,QLD,2009,9,18.90765357,61.10303946
1/10/2009,QLD,2009,10,20.70408614,59.2139422
1/11/2009,QLD,2009,11,23.71224034,65.92773817
1/12/2009,QLD,2009,12,24.75045805,70.1331751
1/1/2010,QLD,2010,1,25.19386373,69.62014058
1/2/2010,QLD,2010,2,24.49157934,76.83737507
1/3/2010,QLD,2010,3,22.8457779,77.16281648
1/4/2010,QLD,2010,4,21.28692644,75.01048415
1/5/2010,QLD,2010,5,17.20882883,72.24339876
1/6/2010,QLD,2010,6,15.06960697,71.91145989
1/7/2010,QLD,2010,7,15.40279243,75.18534515
1/8/2010,QLD,2010,8,15.17916209,66.35905893
1/9/2010,QLD,2010,9,19.03978233,73.21311344
1/10/2010,QLD,2010,10,19.57458608,73.86315411
1/11/2010,QLD,2010,11,21.4217526,72.45392155
1/12/2010,QLD,2010,12,23.18064189,80.87332735
1/1/2011,QLD,2011,1,24.05538711,77.07754195
1/2/2011,QLD,2011,2,24.40519015,76.70444999
1/3/2011,QLD,2011,3,23.08459851,76.75244743
1/4/2011,QLD,2011,4,20.03623389,77.12588759
1/5/2011,QLD,2011,5,15.97285628,72.05210911
1/6/2011,QLD,2011,6,13.87141184,71.92832195
1/7/2011,QLD,2011,7,13.28780128,66.42099173
1/8/2011,QLD,2011,8,15.39065841,70.72333981
1/9/2011,QLD,2011,9,17.2329418,63.36993514
1/10/2011,QLD,2011,10,19.78282822,70.99685213
1/11/2011,QLD,2011,11,23.46985817,69.35574708
1/12/2011,QLD,2011,12,22.36485572,70.80675438
1/1/2012,QLD,2012,1,23.97769458,73.92357808
1/2/2012,QLD,2012,2,24.03058945,75.5335437
1/3/2012,QLD,2012,3,22.53691869,75.52084428
1/4/2012,QLD,2012,4,20.23675849,74.27324522
1/5/2012,QLD,2012,5,16.57740829,71.38126213
1/6/2012,QLD,2012,6,14.7577295,75.85129051
1/7/2012,QLD,2012,7,14.29060104,71.90184973
1/8/2012,QLD,2012,8,14.93441468,59.6220177
1/9/2012,QLD,2012,9,18.17589122,65.05124038
1/10/2012,QLD,2012,10,20.27218312,62.35612032
1/11/2012,QLD,2012,11,22.6070098,66.70146621
1/12/2012,QLD,2012,12,24.57184772,64.83900739
1/1/2013,QLD,2013,1,25.5214277,71.14935803
1/2/2013,QLD,2013,2,23.26188486,74.33125944
1/3/2013,QLD,2013,3,22.63828161,75.91283231
1/4/2013,QLD,2013,4,20.06894211,74.39084076
1/5/2013,QLD,2013,5,16.98496481,72.38202455
1/6/2013,QLD,2013,6,14.95624328,75.54818873
1/7/2013,QLD,2013,7,15.47869362,77.68081811
1/8/2013,QLD,2013,8,16.09607349,62.14188513
1/9/2013,QLD,2013,9,19.89608487,65.49542834
1/10/2013,QLD,2013,10,21.48389509,62.92841486
1/11/2013,QLD,2013,11,22.54020395,67.56195337
1/12/2013,QLD,2013,12,23.81138049,64.44261122
1/1/2014,QLD,2014,1,24.89904515,67.14382618
1/2/2014,QLD,2014,2,24.30500468,69.43092848
1/3/2014,QLD,2014,3,23.22594811,72.85381049
1/4/2014,QLD,2014,4,21.26781365,73.14073887
1/5/2014,QLD,2014,5,17.92818481,72.57874492
1/6/2014,QLD,2014,6,15.7152393,71.82683902
1/7/2014,QLD,2014,7,13.59056124,63.85412389
1/8/2014,QLD,2014,8,15.55054845,68.61718811
1/9/2014,QLD,2014,9,17.97512803,62.5384891
1/10/2014,QLD,2014,10,21.23287178,62.05939152
1/11/2014,QLD,2014,11,24.26051421,65.80512554
1/12/2014,QLD,2014,12,24.72646629,71.04679372
1/1/2015,QLD,2015,1,25.21073774,73.44070654
1/2/2015,QLD,2015,2,24.10447396,72.88987573
1/3/2015,QLD,2015,3,24.43025512,71.02778647
1/4/2015,QLD,2015,4,20.21863099,70.03908684
1/5/2015,QLD,2015,5,17.67942814,71.57639339
1/6/2015,QLD,2015,6,15.86170559,75.64015178
1/7/2015,QLD,2015,7,14.11283683,70.42331188
1/8/2015,QLD,2015,8,15.82652539,66.8123039
1/9/2015,QLD,2015,9,17.5745941,65.54603581
1/10/2015,QLD,2015,10,20.66915635,67.88676859
1/11/2015,QLD,2015,11,23.7732605,70.92805219
1/12/2015,QLD,2015,12,23.47382891,68.98241501
1/1/2016,QLD,2016,1,24.7036865,69.66688819
1/2/2016,QLD,2016,2,25.28680572,70.69370754
1/3/2016,QLD,2016,3,23.79514303,75.47962536
1/4/2016,QLD,2016,4,22.02651114,72.07543335
1/5/2016,QLD,2016,5,19.23668595,67.41033416
1/6/2016,QLD,2016,6,15.90214203,72.68743519
1/7/2016,QLD,2016,7,15.53794063,70.59056151
1/8/2016,QLD,2016,8,15.90561352,70.35038721
1/9/2016,QLD,2016,9,18.8647296,68.96910982
1/10/2016,QLD,2016,10,20.16371034,61.69745981
1/11/2016,QLD,2016,11,23.38913637,62.77438174
1/12/2016,QLD,2016,12,24.90789671,68.34556897
1/1/2017,QLD,2017,1,25.92795142,71.42064448
1/2/2017,QLD,2017,2,25.97892218,66.67353686
1/3/2017,QLD,2017,3,24.52730729,75.80706449
1/4/2017,QLD,2017,4,19.95194317,69.48775157
1/5/2017,QLD,2017,5,18.18067517,75.64556803
1/6/2017,QLD,2017,6,15.90757892,73.39934153
1/7/2017,QLD,2017,7,15.15817666,68.29976999
1/8/2017,QLD,2017,8,16.42446911,58.31351132
1/9/2017,QLD,2017,9,19.72781539,57.39251733
1/10/2017,QLD,2017,10,21.51971274,75.30615231
1/11/2017,QLD,2017,11,21.36037713,70.35592803
1/12/2017,QLD,2017,12,24.51510255,69.62190596
1/1/2018,QLD,2018,1,25.29467845,67.38236799
1/2/2018,QLD,2018,2,24.5704317,73.74424207
1/3/2018,QLD,2018,3,23.52631475,76.70041034
1/4/2018,QLD,2018,4,21.34704934,72.73603733
1/5/2018,QLD,2018,5,17.52740251,68.19936727
1/6/2018,QLD,2018,6,14.95390017,69.88571038
1/7/2018,QLD,2018,7,14.95723175,67.17420693
1/8/2018,QLD,2018,8,15.33019665,56.52289706
1/9/2018,QLD,2018,9,18.06760139,66.73332333
1/10/2018,QLD,2018,10,20.69190116,75.09622017
1/11/2018,QLD,2018,11,23.48643539,60.07188568
1/12/2018,QLD,2018,12,24.34097119,69.6144589
1/1/2019,QLD,2019,1,25.4219239,67.99905804
1/2/2019,QLD,2019,2,25.066194,67.39614732
1/3/2019,QLD,2019,3,24.47842992,75.44019397
1/4/2019,QLD,2019,4,20.98439296,74.15669356
1/5/2019,QLD,2019,5,17.82611613,69.32968412
1/6/2019,QLD,2019,6,15.58965354,73.47718755
1/7/2019,QLD,2019,7,15.13582968,67.52618185
1/8/2019,QLD,2019,8,15.93948074,61.382689
1/9/2019,QLD,2019,9,18.83581698,57.44535887
1/10/2019,QLD,2019,10,20.74927571,65.51873709
1/11/2019,QLD,2019,11,23.86116974,59.76371086
1/12/2019,QLD,2019,12,25.53201988,61.62722407
1/1/2020,QLD,2020,1,25.92184792,72.08512264
1/2/2020,QLD,2020,2,25.23626392,78.0061457
1/3/2020,QLD,2020,3,23.04313622,73.0724651
1/4/2020,QLD,2020,4,21.51000023,69.91800266
1/5/2020,QLD,2020,5,17.09099446,69.1319936
1/6/2020,QLD,2020,6,15.78129853,74.87897178
1/7/2020,QLD,2020,7,14.81055134,70.00221642
1/8/2020,QLD,2020,8,15.98059884,62.69074112
1/9/2020,QLD,2020,9,18.93944362,67.49650022
1/10/2020,QLD,2020,10,21.12628712,67.94877145
1/11/2020,QLD,2020,11,23.40791083,63.12821028
1/12/2020,QLD,2020,12,24.92578259,71.0958811
1/1/2021,QLD,2021,1,24.09165865,73.48292797
1/2/2021,QLD,2021,2,24.39694986,73.36110097
1/3/2021,QLD,2021,3,23.16470749,76.50599826
1/4/2021,QLD,2021,4,19.91442346,72.17553883
1/5/2021,QLD,2021,5,17.21580567,73.00409701
1/6/2021,QLD,2021,6,15.06700315,74.20142239
1/7/2021,QLD,2021,7,14.88637778,70.99352517
1/8/2021,QLD,2021,8,16.38854554,69.24819531
1/9/2021,QLD,2021,9,17.95945728,64.96312082
1/10/2021,QLD,2021,10,21.84133201,68.75769955
1/11/2021,QLD,2021,11,22.38717645,73.10413657
1/12/2021,QLD,2021,12,23.88011087,72.50061453
1/1/2022,QLD,2022,1,24.50332902,75.30914926
1/2/2022,QLD,2022,2,23.61433678,75.79612688
1/3/2022,QLD,2022,3,23.46315757,76.22364236
1/4/2022,QLD,2022,4,21.16036403,77.03384343
1/5/2022,QLD,2022,5,19.15116686,82.64802866
1/6/2022,QLD,2022,6,14.09426274,72.04559651
1/7/2022,QLD,2022,7,13.53412339,75.26756988
1/8/2022,QLD,2022,8,15.1848461,72.14991238
1/9/2022,QLD,2022,9,18.04948829,71.77880806
1/10/2022,QLD,2022,10,20.53633562,73.8620605
1/11/2022,QLD,2022,11,21.57905548,63.55509401
1/12/2022,QLD,2022,12,22.59627192,69.80882829
1/1/2023,QLD,2023,1,24.16931144,73.78539164
1/2/2023,QLD,2023,2,24.3744885,72.27412272
1/3/2023,QLD,2023,3,24.32500606,75.15321758
1/4/2023,QLD,2023,4,20.70044806,68.79056553
1/5/2023,QLD,2023,5,15.96005625,65.69722084
1/6/2023,QLD,2023,6,15.64170968,69.13412487
1/7/2023,QLD,2023,7,15.35299283,71.34734677
1/8/2023,QLD,2023,8,16.90124697,68.28541705
1/9/2023,QLD,2023,9,18.88843885,67.09988169
1/10/2023,QLD,2023,10,21.23002848,64.01004699
1/11/2023,QLD,2023,11,22.53539329,71.29604318
1/12/2023,QLD,2023,12,25.5559884,72.20790132
1/1/2007,SA,2007,1,22.06833195,57.95409531
1/2/2007,SA,2007,2,23.52493922,51.80208759
1/3/2007,SA,2007,3,19.60746314,59.29164482
1/4/2007,SA,2007,4,17.59120367,60.87029714
1/5/2007,SA,2007,5,14.60566431,71.50412079
1/6/2007,SA,2007,6,8.96964176,79.65251114
1/7/2007,SA,2007,7,10.12479819,74.57159271
1/8/2007,SA,2007,8,11.57691375,67.33691628
1/9/2007,SA,2007,9,13.95151282,58.99754684
1/10/2007,SA,2007,10,15.69763213,56.17060966
1/11/2007,SA,2007,11,19.32051152,54.85951686
1/12/2007,SA,2007,12,21.09029965,49.0995878
1/1/2008,SA,2008,1,21.95109814,53.33446581
1/2/2008,SA,2008,2,19.69255086,54.38572371
1/3/2008,SA,2008,3,22.04612834,43.2270156
1/4/2008,SA,2008,4,15.78301141,57.83813699
1/5/2008,SA,2008,5,13.13374877,73.24115707
1/6/2008,SA,2008,6,11.57304981,75.58122951
1/7/2008,SA,2008,7,9.701899909,74.52374115
1/8/2008,SA,2008,8,9.183002581,76.3277887
1/9/2008,SA,2008,9,13.22916592,60.20995689
1/10/2008,SA,2008,10,16.28375623,54.06605758
1/11/2008,SA,2008,11,17.7794032,55.8586312
1/12/2008,SA,2008,12,18.83782589,60.27579285
1/1/2009,SA,2009,1,22.91966668,45.56477967
1/2/2009,SA,2009,2,22.10803312,49.88554241
1/3/2009,SA,2009,3,19.15309142,58.07204147
1/4/2009,SA,2009,4,15.87821324,64.26399302
1/5/2009,SA,2009,5,12.68923504,78.83398759
1/6/2009,SA,2009,6,11.00172279,79.87638112
1/7/2009,SA,2009,7,10.73038823,76.96833723
1/8/2009,SA,2009,8,12.08709242,71.09596169
1/9/2009,SA,2009,9,13.06206705,66.6992342
1/10/2009,SA,2009,10,14.56900401,63.37836847
1/11/2009,SA,2009,11,21.87050414,50.30251526
1/12/2009,SA,2009,12,20.76465362,51.61475829
1/1/2010,SA,2010,1,22.45475497,47.88788778
1/2/2010,SA,2010,2,22.87638845,53.01575461
1/3/2010,SA,2010,3,20.101499,56.81396518
1/4/2010,SA,2010,4,17.40081437,65.93544165
1/5/2010,SA,2010,5,13.16691765,70.35015564
1/6/2010,SA,2010,6,10.04182047,79.56951738
1/7/2010,SA,2010,7,9.379842324,80.86025073
1/8/2010,SA,2010,8,9.929405407,75.05437192
1/9/2010,SA,2010,9,11.15793935,76.62264186
1/10/2010,SA,2010,10,14.36756286,64.36507429
1/11/2010,SA,2010,11,17.27581286,62.42875741
1/12/2010,SA,2010,12,19.53017592,58.09575548
1/1/2011,SA,2011,1,22.58452088,55.46045351
1/2/2011,SA,2011,2,21.17661041,62.69276803
1/3/2011,SA,2011,3,17.83409573,69.96239699
1/4/2011,SA,2011,4,15.75946849,66.92020773
1/5/2011,SA,2011,5,12.09307737,72.79702506
1/6/2011,SA,2011,6,10.78843689,76.5230085
1/7/2011,SA,2011,7,9.976396597,76.70245782
1/8/2011,SA,2011,8,11.55587938,75.05529274
1/9/2011,SA,2011,9,13.33781093,61.96002099
1/10/2011,SA,2011,10,15.37564424,65.71649846
1/11/2011,SA,2011,11,19.0399288,57.97319175
1/12/2011,SA,2011,12,20.23285989,54.13746014
1/1/2012,SA,2012,1,22.47937489,51.81392955
1/2/2012,SA,2012,2,20.88978772,57.53824531
1/3/2012,SA,2012,3,18.77739951,60.98475155
1/4/2012,SA,2012,4,16.92004106,59.13342277
1/5/2012,SA,2012,5,12.3062319,72.42845678
1/6/2012,SA,2012,6,10.04368693,77.71103434
1/7/2012,SA,2012,7,9.487783019,79.86837194
1/8/2012,SA,2012,8,10.39531818,73.44592243
1/9/2012,SA,2012,9,12.86105126,63.773101
1/10/2012,SA,2012,10,15.67334171,55.03303884
1/11/2012,SA,2012,11,19.40854648,51.64063027
1/12/2012,SA,2012,12,20.4558673,51.68113341
1/1/2013,SA,2013,1,21.67821878,50.47159557
1/2/2013,SA,2013,2,22.20654286,55.44532371
1/3/2013,SA,2013,3,21.13904385,54.81266355
1/4/2013,SA,2013,4,16.72376163,62.80791888
1/5/2013,SA,2013,5,14.53371587,67.79646677
1/6/2013,SA,2013,6,10.64733096,83.83603307
1/7/2013,SA,2013,7,10.54644358,78.84509817
1/8/2013,SA,2013,8,11.88995764,75.1862803
1/9/2013,SA,2013,9,15.16279237,67.27635815
1/10/2013,SA,2013,10,15.30618853,56.67328431
1/11/2013,SA,2013,11,17.14303825,53.60517048
1/12/2013,SA,2013,12,20.4512774,51.93582579
1/1/2014,SA,2014,1,23.16903631,49.51530376
1/2/2014,SA,2014,2,21.81995288,54.7991862
1/3/2014,SA,2014,3,19.53792859,60.56878635
1/4/2014,SA,2014,4,16.31381961,68.92069328
1/5/2014,SA,2014,5,14.65236889,72.38179214
1/6/2014,SA,2014,6,11.33480318,82.07504915
1/7/2014,SA,2014,7,10.03148872,77.93935177
1/8/2014,SA,2014,8,9.830006982,71.34092766
1/9/2014,SA,2014,9,13.38807549,64.17940478
1/10/2014,SA,2014,10,17.14590742,55.52934801
1/11/2014,SA,2014,11,19.24853615,50.71336995
1/12/2014,SA,2014,12,19.47151033,58.55117176
1/1/2015,SA,2015,1,21.00719232,59.21831084
1/2/2015,SA,2015,2,22.84591742,49.43564513
1/3/2015,SA,2015,3,18.25340503,58.6644326
1/4/2015,SA,2015,4,14.12600254,70.04497443
1/5/2015,SA,2015,5,12.59704382,76.4738267
1/6/2015,SA,2015,6,10.34923366,77.33130654
1/7/2015,SA,2015,7,9.262293869,76.56982686
1/8/2015,SA,2015,8,10.13598023,77.11876962
1/9/2015,SA,2015,9,12.06513195,67.46515129
1/10/2015,SA,2015,10,18.86038285,50.57670409
1/11/2015,SA,2015,11,18.85325527,56.75119563
1/12/2015,SA,2015,12,23.38900193,41.1563522
1/1/2016,SA,2016,1,22.31673046,53.84273444
1/2/2016,SA,2016,2,20.96834289,59.41772666
1/3/2016,SA,2016,3,20.4462538,62.13583962
1/4/2016,SA,2016,4,17.01926241,61.65217367
1/5/2016,SA,2016,5,14.35794992,73.05240422
1/6/2016,SA,2016,6,10.76778291,80.61995234
1/7/2016,SA,2016,7,10.24621752,80.05872436
1/8/2016,SA,2016,8,10.88505016,71.64513003
1/9/2016,SA,2016,9,11.42255939,75.16668807
1/10/2016,SA,2016,10,14.09061327,61.40528927
1/11/2016,SA,2016,11,16.50171315,60.20674988
1/12/2016,SA,2016,12,20.42266267,55.44032706
1/1/2017,SA,2017,1,22.32991108,57.14584261
1/2/2017,SA,2017,2,20.87459383,59.96976748
1/3/2017,SA,2017,3,21.18121864,59.19135126
1/4/2017,SA,2017,4,16.51303196,64.9736815
1/5/2017,SA,2017,5,12.53115037,70.72549148
1/6/2017,SA,2017,6,9.546104542,77.77099571
1/7/2017,SA,2017,7,10.66890125,74.05027647
1/8/2017,SA,2017,8,10.46383438,72.31341539
1/9/2017,SA,2017,9,12.99664336,66.07187264
1/10/2017,SA,2017,10,16.19805437,60.92313812
1/11/2017,SA,2017,11,20.38518174,53.67014168
1/12/2017,SA,2017,12,20.05578737,56.9189875
1/1/2018,SA,2018,1,23.12073099,50.99115635
1/2/2018,SA,2018,2,22.57816342,52.93686479
1/3/2018,SA,2018,3,19.68147171,56.9976279
1/4/2018,SA,2018,4,18.70659138,58.95736379
1/5/2018,SA,2018,5,13.14502691,71.07227256
1/6/2018,SA,2018,6,9.864294275,74.20504852
1/7/2018,SA,2018,7,10.93739138,68.59896617
1/8/2018,SA,2018,8,11.37321666,65.15324884
1/9/2018,SA,2018,9,11.72010675,61.90638885
1/10/2018,SA,2018,10,16.49123633,56.53929724
1/11/2018,SA,2018,11,17.07658021,58.07313017
1/12/2018,SA,2018,12,21.73213146,54.41906649
1/1/2019,SA,2019,1,24.02057999,47.80985162
1/2/2019,SA,2019,2,21.67287275,51.49049196
1/3/2019,SA,2019,3,19.71707312,57.99999788
1/4/2019,SA,2019,4,17.38569528,53.33015411
1/5/2019,SA,2019,5,12.9109498,72.39458624
1/6/2019,SA,2019,6,10.32803518,72.31587015
1/7/2019,SA,2019,7,10.8840986,79.31266336
1/8/2019,SA,2019,8,9.949659206,71.35956211
1/9/2019,SA,2019,9,12.52809307,64.24295735
1/10/2019,SA,2019,10,16.89206372,54.00328767
1/11/2019,SA,2019,11,16.7130501,55.88110235
1/12/2019,SA,2019,12,22.37601596,46.96235145
1/1/2020,SA,2020,1,21.5798592,54.11548733
1/2/2020,SA,2020,2,19.86549651,62.19030177
1/3/2020,SA,2020,3,18.76984026,55.6106716
1/4/2020,SA,2020,4,15.70940418,68.56335119
1/5/2020,SA,2020,5,11.91881796,70.86175118
1/6/2020,SA,2020,6,9.872828999,76.68579477
1/7/2020,SA,2020,7,9.365193494,78.84647721
1/8/2020,SA,2020,8,10.19104452,75.52464525
1/9/2020,SA,2020,9,14.0425811,65.74778226
1/10/2020,SA,2020,10,15.16783349,66.66628145
1/11/2020,SA,2020,11,20.51410834,50.47328134
1/12/2020,SA,2020,12,19.0695229,53.43605295
1/1/2021,SA,2021,1,21.21417587,52.79681099
1/2/2021,SA,2021,2,20.19013063,56.28203271
1/3/2021,SA,2021,3,18.74740782,60.98353006
1/4/2021,SA,2021,4,16.11390182,61.41279473
1/5/2021,SA,2021,5,13.07789053,63.74480313
1/6/2021,SA,2021,6,11.23623809,78.86033487
1/7/2021,SA,2021,7,10.2072063,77.07123965
1/8/2021,SA,2021,8,11.00194489,73.25479423
1/9/2021,SA,2021,9,13.1399124,62.97980951
1/10/2021,SA,2021,10,14.2998752,61.02242612
1/11/2021,SA,2021,11,16.73382929,60.90080628
1/12/2021,SA,2021,12,19.6080379,54.51203531
1/1/2022,SA,2022,1,22.80217538,60.18154348
1/2/2022,SA,2022,2,20.41319913,57.24696501
1/3/2022,SA,2022,3,19.7645461,61.7113394
1/4/2022,SA,2022,4,17.26987293,65.05630322
1/5/2022,SA,2022,5,12.72994722,75.68380843
1/6/2022,SA,2022,6,10.69832149,80.99320007
1/7/2022,SA,2022,7,9.459766561,77.25752738
1/8/2022,SA,2022,8,10.95726971,76.48477409
1/9/2022,SA,2022,9,11.51949134,76.93455679
1/10/2022,SA,2022,10,14.79784073,71.73230761
1/11/2022,SA,2022,11,16.09214111,64.59150859
1/12/2022,SA,2022,12,19.6882837,53.69815536
1/1/2023,SA,2023,1,21.67879318,54.95403307
1/2/2023,SA,2023,2,21.36355648,53.9526122
1/3/2023,SA,2023,3,18.43811049,66.79030588
1/4/2023,SA,2023,4,15.95047353,66.75300071
1/5/2023,SA,2023,5,12.26441835,76.87426575
1/6/2023,SA,2023,6,11.73607002,78.15452794
1/7/2023,SA,2023,7,10.28111072,78.09647806
1/8/2023,SA,2023,8,11.36254114,74.67670671
1/9/2023,SA,2023,9,14.6947099,58.76071186
1/10/2023,SA,2023,10,14.88495871,57.83083779
1/11/2023,SA,2023,11,17.18386759,64.11647773
1/12/2023,SA,2023,12,18.97294467,63.62810566
1/1/2007,TAS,2007,1,15.77289225,67.57745242
1/2/2007,TAS,2007,2,17.36345068,71.20925886
1/3/2007,TAS,2007,3,13.58468772,70.86828136
1/4/2007,TAS,2007,4,11.31589307,75.22635998
1/5/2007,TAS,2007,5,10.53358479,80.67970353
1/6/2007,TAS,2007,6,4.786738192,84.18989098
1/7/2007,TAS,2007,7,5.709377045,85.37164052
1/8/2007,TAS,2007,8,7.231497288,79.91963977
1/9/2007,TAS,2007,9,8.335582057,75.07297786
1/10/2007,TAS,2007,10,9.675215523,70.13301665
1/11/2007,TAS,2007,11,13.38506878,67.94191455
1/12/2007,TAS,2007,12,14.61398065,66.32007376
1/1/2008,TAS,2008,1,15.94015609,62.21190971
1/2/2008,TAS,2008,2,13.51556287,69.16177673
1/3/2008,TAS,2008,3,14.16665916,67.77541501
1/4/2008,TAS,2008,4,10.43309406,77.77732871
1/5/2008,TAS,2008,5,8.629296419,83.00870148
1/6/2008,TAS,2008,6,7.611702512,83.98015531
1/7/2008,TAS,2008,7,5.120965529,84.65793415
1/8/2008,TAS,2008,8,5.837328274,80.67742407
1/9/2008,TAS,2008,9,7.850225037,72.69376596
1/10/2008,TAS,2008,10,10.43798945,67.51303462
1/11/2008,TAS,2008,11,11.2828684,71.94415352
1/12/2008,TAS,2008,12,12.01315991,68.16529106
1/1/2009,TAS,2009,1,15.2428017,61.19622782
1/2/2009,TAS,2009,2,14.56104139,69.48701843
1/3/2009,TAS,2009,3,13.45001321,74.64734275
1/4/2009,TAS,2009,4,10.33599824,78.1116834
1/5/2009,TAS,2009,5,8.438141665,81.14108787
1/6/2009,TAS,2009,6,7.144781352,89.55939584
1/7/2009,TAS,2009,7,6.053421731,83.40406465
1/8/2009,TAS,2009,8,7.744840009,79.85247736
1/9/2009,TAS,2009,9,8.445684057,77.95424117
1/10/2009,TAS,2009,10,9.186291323,72.97338065
1/11/2009,TAS,2009,11,13.61656303,72.24795505
1/12/2009,TAS,2009,12,13.81352146,67.50758065
1/1/2010,TAS,2010,1,15.18910638,63.35386892
1/2/2010,TAS,2010,2,16.03494348,71.38430822
1/3/2010,TAS,2010,3,14.8178811,72.59451531
1/4/2010,TAS,2010,4,11.95597112,78.63337537
1/5/2010,TAS,2010,5,8.153779663,82.42745486
1/6/2010,TAS,2010,6,6.14814149,84.48415456
1/7/2010,TAS,2010,7,6.364238766,85.92804567
1/8/2010,TAS,2010,8,6.222447305,81.46361044
1/9/2010,TAS,2010,9,7.264651208,74.11301428
1/10/2010,TAS,2010,10,10.05915654,73.89903265
1/11/2010,TAS,2010,11,12.04006874,73.27321841
1/12/2010,TAS,2010,12,12.74559785,71.00431758
1/1/2011,TAS,2011,1,15.34637841,71.00271932
1/2/2011,TAS,2011,2,13.82494106,73.90702577
1/3/2011,TAS,2011,3,12.58742142,74.89565428
1/4/2011,TAS,2011,4,10.72402923,81.86827217
1/5/2011,TAS,2011,5,7.390064234,82.42544717
1/6/2011,TAS,2011,6,6.537496151,85.37092541
1/7/2011,TAS,2011,7,5.671794964,81.36816318
1/8/2011,TAS,2011,8,8.496191314,84.06225885
1/9/2011,TAS,2011,9,8.402350352,74.24725715
1/10/2011,TAS,2011,10,9.709842887,73.58573968
1/11/2011,TAS,2011,11,12.50321441,71.37946018
1/12/2011,TAS,2011,12,13.76460872,70.44625472
1/1/2012,TAS,2012,1,15.70509308,66.1761219
1/2/2012,TAS,2012,2,15.42773572,70.61545677
1/3/2012,TAS,2012,3,13.05250127,73.74888619
1/4/2012,TAS,2012,4,11.57937748,78.38441417
1/5/2012,TAS,2012,5,8.511539815,83.22063606
1/6/2012,TAS,2012,6,6.29906311,83.49638513
1/7/2012,TAS,2012,7,6.053771412,85.99143682
1/8/2012,TAS,2012,8,6.487898944,80.5587293
1/9/2012,TAS,2012,9,8.24431046,76.6544432
1/10/2012,TAS,2012,10,9.596257539,71.87938886
1/11/2012,TAS,2012,11,12.58731815,69.41562273
1/12/2012,TAS,2012,12,13.64655156,65.87023548
1/1/2013,TAS,2013,1,15.43674757,62.49001853
1/2/2013,TAS,2013,2,16.05021121,69.04800921
1/3/2013,TAS,2013,3,15.47228241,70.57106105
1/4/2013,TAS,2013,4,10.5294311,75.65327012
1/5/2013,TAS,2013,5,8.374178102,82.56425674
1/6/2013,TAS,2013,6,6.84100131,85.56078911
1/7/2013,TAS,2013,7,7.104237863,84.66289385
1/8/2013,TAS,2013,8,7.183217634,79.89597995
1/9/2013,TAS,2013,9,9.273849901,76.26817452
1/10/2013,TAS,2013,10,9.538714925,69.93961618
1/11/2013,TAS,2013,11,10.90578124,75.13872583
1/12/2013,TAS,2013,12,13.5202036,69.03013607
1/1/2014,TAS,2014,1,15.6570154,64.16716179
1/2/2014,TAS,2014,2,15.65178706,67.74607645
1/3/2014,TAS,2014,3,14.46772509,74.27805449
1/4/2014,TAS,2014,4,11.02455409,76.83500078
1/5/2014,TAS,2014,5,9.143024457,83.19509739
1/6/2014,TAS,2014,6,7.443053047,86.36194354
1/7/2014,TAS,2014,7,6.849841016,85.71987308
1/8/2014,TAS,2014,8,7.083270577,81.4433189
1/9/2014,TAS,2014,9,8.88304723,73.37001287
1/10/2014,TAS,2014,10,10.23462403,71.40159854
1/11/2014,TAS,2014,11,11.76492646,67.51374303
1/12/2014,TAS,2014,12,13.81569803,72.28429549
1/1/2015,TAS,2015,1,14.95531711,68.38446909
1/2/2015,TAS,2015,2,15.89262769,69.88402207
1/3/2015,TAS,2015,3,12.03607604,73.14445278
1/4/2015,TAS,2015,4,9.893755635,77.88626171
1/5/2015,TAS,2015,5,7.830411612,81.33492341
1/6/2015,TAS,2015,6,6.263918835,84.85590898
1/7/2015,TAS,2015,7,5.515718456,81.99081095
1/8/2015,TAS,2015,8,5.21887355,79.82790099
1/9/2015,TAS,2015,9,8.505393413,76.94451439
1/10/2015,TAS,2015,10,11.79290178,66.80560472
1/11/2015,TAS,2015,11,12.53746585,67.27641593
1/12/2015,TAS,2015,12,15.26171085,63.51971796
1/1/2016,TAS,2016,1,16.37312191,66.8114069
1/2/2016,TAS,2016,2,15.93320044,69.96443455
1/3/2016,TAS,2016,3,14.39439393,74.13998219
1/4/2016,TAS,2016,4,12.0801856,74.45074476
1/5/2016,TAS,2016,5,9.033465703,80.41370187
1/6/2016,TAS,2016,6,7.489374731,85.65017579
1/7/2016,TAS,2016,7,6.88617818,81.7138744
1/8/2016,TAS,2016,8,6.729593114,79.35091528
1/9/2016,TAS,2016,9,9.010777964,79.58938962
1/10/2016,TAS,2016,10,9.116013866,70.41359286
1/11/2016,TAS,2016,11,11.57387894,71.2003039
1/12/2016,TAS,2016,12,14.23110179,68.07183192
1/1/2017,TAS,2017,1,15.3999205,66.63477324
1/2/2017,TAS,2017,2,14.00390114,67.51633494
1/3/2017,TAS,2017,3,15.19538419,74.82418304
1/4/2017,TAS,2017,4,11.50166845,77.23953234
1/5/2017,TAS,2017,5,8.256076451,84.13033308
1/6/2017,TAS,2017,6,6.640708929,84.12348599
1/7/2017,TAS,2017,7,5.384268706,84.41568167
1/8/2017,TAS,2017,8,5.878298963,80.38608864
1/9/2017,TAS,2017,9,7.199518085,75.53786983
1/10/2017,TAS,2017,10,11.38857648,72.04679455
1/11/2017,TAS,2017,11,14.5706753,68.28131357
1/12/2017,TAS,2017,12,14.82231825,67.34849175
1/1/2018,TAS,2018,1,16.76593712,65.51828427
1/2/2018,TAS,2018,2,14.97276604,70.48334493
1/3/2018,TAS,2018,3,13.5919741,71.95568372
1/4/2018,TAS,2018,4,11.14239293,76.91340777
1/5/2018,TAS,2018,5,8.803351249,79.17291137
1/6/2018,TAS,2018,6,6.454303936,86.0405513
1/7/2018,TAS,2018,7,6.498735651,82.69884952
1/8/2018,TAS,2018,8,6.373728093,79.51618285
1/9/2018,TAS,2018,9,7.83443127,74.04213873
1/10/2018,TAS,2018,10,10.68048078,72.10639268
1/11/2018,TAS,2018,11,12.2421896,73.68660184
1/12/2018,TAS,2018,12,15.5978551,68.03146127
1/1/2019,TAS,2019,1,17.25276944,61.99612554
1/2/2019,TAS,2019,2,15.03514812,69.05866096
1/3/2019,TAS,2019,3,14.21429795,71.45256411
1/4/2019,TAS,2019,4,11.06175367,75.25171513
1/5/2019,TAS,2019,5,8.952622265,81.95505776
1/6/2019,TAS,2019,6,6.717072854,84.40002884
1/7/2019,TAS,2019,7,6.753735547,82.32965784
1/8/2019,TAS,2019,8,6.343762668,78.79485235
1/9/2019,TAS,2019,9,8.20803239,73.5373525
1/10/2019,TAS,2019,10,10.28485769,69.44149923
1/11/2019,TAS,2019,11,10.80499179,66.00815166
1/12/2019,TAS,2019,12,13.70451041,63.8281067
1/1/2020,TAS,2020,1,15.88804315,66.55113601
1/2/2020,TAS,2020,2,14.11313743,71.25489556
1/3/2020,TAS,2020,3,12.77889797,74.24745537
1/4/2020,TAS,2020,4,10.46131537,79.40676406
1/5/2020,TAS,2020,5,8.48268588,83.210666
1/6/2020,TAS,2020,6,6.694880179,86.16737489
1/7/2020,TAS,2020,7,5.767075998,85.6200381
1/8/2020,TAS,2020,8,6.391650201,81.90892865
1/9/2020,TAS,2020,9,8.602869366,77.08635313
1/10/2020,TAS,2020,10,9.735280386,75.82200473
1/11/2020,TAS,2020,11,13.62248141,68.45789467
1/12/2020,TAS,2020,12,12.6168672,70.0653528
1/1/2021,TAS,2021,1,14.96434788,67.24630109
1/2/2021,TAS,2021,2,14.84981188,71.0432464
1/3/2021,TAS,2021,3,13.19132301,74.1160694
1/4/2021,TAS,2021,4,10.72560569,76.51971914
1/5/2021,TAS,2021,5,8.176269015,80.55605634
1/6/2021,TAS,2021,6,7.897697461,88.40946871
1/7/2021,TAS,2021,7,6.510851099,84.94462039
1/8/2021,TAS,2021,8,7.293152795,79.98070355
1/9/2021,TAS,2021,9,8.025242691,74.30679098
1/10/2021,TAS,2021,10,9.739816072,76.73436739
1/11/2021,TAS,2021,11,11.38409232,73.42459793
1/12/2021,TAS,2021,12,13.56748887,64.78645718
1/1/2022,TAS,2022,1,16.75331113,74.674263
1/2/2022,TAS,2022,2,15.03543422,70.61480894
1/3/2022,TAS,2022,3,14.23249338,75.70997109
1/4/2022,TAS,2022,4,11.68877149,80.79475536
1/5/2022,TAS,2022,5,8.39922442,84.96143526
1/6/2022,TAS,2022,6,6.345690026,83.92199858
1/7/2022,TAS,2022,7,5.767859998,85.01169474
1/8/2022,TAS,2022,8,7.433329036,83.2482568
1/9/2022,TAS,2022,9,8.085188313,79.08421274
1/10/2022,TAS,2022,10,10.08239275,76.40687518
1/11/2022,TAS,2022,11,10.93498073,71.35481963
1/12/2022,TAS,2022,12,13.289874,70.2165105
1/1/2023,TAS,2023,1,16.00825824,69.87528264
1/2/2023,TAS,2023,2,15.02684415,68.97084865
1/3/2023,TAS,2023,3,12.92175651,73.21638832
1/4/2023,TAS,2023,4,11.15285838,79.67432729
1/5/2023,TAS,2023,5,7.950161509,80.6101944
1/6/2023,TAS,2023,6,7.241191907,84.7230309
1/7/2023,TAS,2023,7,7.77904504,81.03293291
1/8/2023,TAS,2023,8,7.573565063,80.03763845
1/9/2023,TAS,2023,9,9.454884492,73.2993979
1/10/2023,TAS,2023,10,9.533809627,70.86219985
1/11/2023,TAS,2023,11,12.72623743,71.66558589
1/12/2023,TAS,2023,12,14.31832107,67.99802652
1/1/2007,VIC,2007,1,20.21921875,58.37083976
1/2/2007,VIC,2007,2,21.59088645,61.42867815
1/3/2007,VIC,2007,3,17.57662206,64.2109078
1/4/2007,VIC,2007,4,14.59198466,68.47587806
1/5/2007,VIC,2007,5,12.60193532,77.64274787
1/6/2007,VIC,2007,6,7.494175052,83.91519305
1/7/2007,VIC,2007,7,7.396161837,83.36194792
1/8/2007,VIC,2007,8,9.575645403,74.480215
1/9/2007,VIC,2007,9,10.58956804,67.38169046
1/10/2007,VIC,2007,10,13.30288291,62.10728387
1/11/2007,VIC,2007,11,17.03999635,66.54386768
1/12/2007,VIC,2007,12,18.92837398,59.65206053
1/1/2008,VIC,2008,1,20.15251048,60.64540214
1/2/2008,VIC,2008,2,17.42905074,65.202897
1/3/2008,VIC,2008,3,18.32775585,57.69824554
1/4/2008,VIC,2008,4,12.94804859,69.20300838
1/5/2008,VIC,2008,5,10.13838472,81.71577378
1/6/2008,VIC,2008,6,9.879749041,82.75404626
1/7/2008,VIC,2008,7,7.461736624,80.69675431
1/8/2008,VIC,2008,8,7.490906823,79.73015285
1/9/2008,VIC,2008,9,10.83918507,64.39352082
1/10/2008,VIC,2008,10,13.65772313,59.77526006
1/11/2008,VIC,2008,11,14.92272365,65.5503386
1/12/2008,VIC,2008,12,15.8642441,63.76958601
1/1/2009,VIC,2009,1,20.07055999,52.09581138
1/2/2009,VIC,2009,2,19.59170497,58.52351732
1/3/2009,VIC,2009,3,16.88856988,65.62943832
1/4/2009,VIC,2009,4,13.12272803,70.08835535
1/5/2009,VIC,2009,5,10.7657435,80.52782436
1/6/2009,VIC,2009,6,8.533509203,85.61521272
1/7/2009,VIC,2009,7,8.14008023,79.92074863
1/8/2009,VIC,2009,8,9.675915039,74.19358276
1/9/2009,VIC,2009,9,11.02855183,69.00698805
1/10/2009,VIC,2009,10,12.2427917,69.89786967
1/11/2009,VIC,2009,11,18.80872205,61.73548796
1/12/2009,VIC,2009,12,17.89394459,60.47499606
1/1/2010,VIC,2010,1,19.4508947,58.8634518
1/2/2010,VIC,2010,2,20.55612881,64.20840101
1/3/2010,VIC,2010,3,17.86433267,68.57996043
1/4/2010,VIC,2010,4,14.97855835,74.90522209
1/5/2010,VIC,2010,5,10.76855588,81.64656515
1/6/2010,VIC,2010,6,7.972911623,84.49003022
1/7/2010,VIC,2010,7,7.640142467,85.8354359
1/8/2010,VIC,2010,8,7.79572081,80.40174211
1/9/2010,VIC,2010,9,9.482682923,76.25047714
1/10/2010,VIC,2010,10,12.73912343,72.48465901
1/11/2010,VIC,2010,11,15.66785389,69.86603169
1/12/2010,VIC,2010,12,16.68634769,67.97774072
1/1/2011,VIC,2011,1,19.68740313,68.19784651
1/2/2011,VIC,2011,2,18.14226563,73.80947695
1/3/2011,VIC,2011,3,15.8393359,73.74741276
1/4/2011,VIC,2011,4,13.05609185,77.80342916
1/5/2011,VIC,2011,5,9.356293527,82.06122956
1/6/2011,VIC,2011,6,8.522532408,82.9913523
1/7/2011,VIC,2011,7,7.977314677,81.56692562
1/8/2011,VIC,2011,8,9.675820664,78.01450528
1/9/2011,VIC,2011,9,11.01365077,69.76897812
1/10/2011,VIC,2011,10,13.12724894,71.46424227
1/11/2011,VIC,2011,11,16.57671503,68.05372321
1/12/2011,VIC,2011,12,17.44513738,64.6180473
1/1/2012,VIC,2012,1,19.79466633,60.49663962
1/2/2012,VIC,2012,2,19.21621039,66.96410274
1/3/2012,VIC,2012,3,15.95036073,71.77528884
1/4/2012,VIC,2012,4,13.79452736,74.31512948
1/5/2012,VIC,2012,5,9.974210659,78.95157862
1/6/2012,VIC,2012,6,8.086685277,83.39957246
1/7/2012,VIC,2012,7,7.898007494,84.88296569
1/8/2012,VIC,2012,8,8.294837414,75.94342747
1/9/2012,VIC,2012,9,10.62732309,71.82518804
1/10/2012,VIC,2012,10,12.52972377,67.00990017
1/11/2012,VIC,2012,11,16.27243176,63.60788995
1/12/2012,VIC,2012,12,17.57393506,60.46906677
1/1/2013,VIC,2013,1,19.54352428,56.23592208
1/2/2013,VIC,2013,2,20.73157783,60.36740668
1/3/2013,VIC,2013,3,18.88734389,60.35927794
1/4/2013,VIC,2013,4,13.95519856,71.09815192
1/5/2013,VIC,2013,5,10.65069692,77.71495135
1/6/2013,VIC,2013,6,8.150894452,85.46994184
1/7/2013,VIC,2013,7,8.733120349,83.09959219
1/8/2013,VIC,2013,8,9.533194795,78.02011398
1/9/2013,VIC,2013,9,12.39012562,72.17844398
1/10/2013,VIC,2013,10,12.27453996,67.32051833
1/11/2013,VIC,2013,11,14.32552621,67.79521658
1/12/2013,VIC,2013,12,17.46224027,62.06097654
1/1/2014,VIC,2014,1,20.65675148,55.91997376
1/2/2014,VIC,2014,2,20.10957781,58.11588724
1/3/2014,VIC,2014,3,17.75466197,67.50050642
1/4/2014,VIC,2014,4,14.16260023,74.53714669
1/5/2014,VIC,2014,5,12.10243738,79.4460966
1/6/2014,VIC,2014,6,9.477440367,86.2101248
1/7/2014,VIC,2014,7,8.204043857,83.83118024
1/8/2014,VIC,2014,8,8.553387936,78.53352743
1/9/2014,VIC,2014,9,10.9748583,72.17581679
1/10/2014,VIC,2014,10,14.00952784,66.20794047
1/11/2014,VIC,2014,11,16.10080924,60.03640347
1/12/2014,VIC,2014,12,17.71999781,63.91572858
1/1/2015,VIC,2015,1,19.24854667,62.99680117
1/2/2015,VIC,2015,2,20.38656752,64.7938352
1/3/2015,VIC,2015,3,15.82257882,65.06180478
1/4/2015,VIC,2015,4,12.7086285,74.28904455
1/5/2015,VIC,2015,5,10.43262361,78.77669637
1/6/2015,VIC,2015,6,8.029744564,84.08559681
1/7/2015,VIC,2015,7,7.170106983,80.91471288
1/8/2015,VIC,2015,8,8.088754969,79.68159368
1/9/2015,VIC,2015,9,10.39911588,72.99916294
1/10/2015,VIC,2015,10,16.47942586,60.19925054
1/11/2015,VIC,2015,11,16.15558872,63.77210768
1/12/2015,VIC,2015,12,20.07111284,52.1947373
1/1/2016,VIC,2016,1,19.68982361,63.81012003
1/2/2016,VIC,2016,2,19.44509183,62.86131205
1/3/2016,VIC,2016,3,18.82212728,66.05998969
1/4/2016,VIC,2016,4,15.24818108,66.58336879
1/5/2016,VIC,2016,5,11.7336333,77.02223081
1/6/2016,VIC,2016,6,8.495757574,86.10487137
1/7/2016,VIC,2016,7,8.84452415,84.2593094
1/8/2016,VIC,2016,8,8.975292891,77.65487519
1/9/2016,VIC,2016,9,10.66300533,78.60446917
1/10/2016,VIC,2016,10,11.64974261,67.31596627
1/11/2016,VIC,2016,11,14.47595325,68.34481273
1/12/2016,VIC,2016,12,18.36859878,60.51059951
1/1/2017,VIC,2017,1,19.88200831,60.19015715
1/2/2017,VIC,2017,2,18.62213824,62.34679019
1/3/2017,VIC,2017,3,19.50367875,64.61601966
1/4/2017,VIC,2017,4,14.08035279,73.45465191
1/5/2017,VIC,2017,5,10.41832126,80.50628085
1/6/2017,VIC,2017,6,7.628189401,85.27341672
1/7/2017,VIC,2017,7,7.414205278,80.74966578
1/8/2017,VIC,2017,8,8.07784976,77.7406195
1/9/2017,VIC,2017,9,10.2936291,69.7286549
1/10/2017,VIC,2017,10,13.82480686,68.97761084
1/11/2017,VIC,2017,11,18.29394688,61.97143289
1/12/2017,VIC,2017,12,18.34344902,63.68521624
1/1/2018,VIC,2018,1,21.00746726,59.74321483
1/2/2018,VIC,2018,2,20.02872372,58.73544828
1/3/2018,VIC,2018,3,17.64373986,59.83185764
1/4/2018,VIC,2018,4,15.16761309,67.49205757
1/5/2018,VIC,2018,5,11.15833317,76.83237203
1/6/2018,VIC,2018,6,7.851859976,83.97703108
1/7/2018,VIC,2018,7,8.059139374,76.49877744
1/8/2018,VIC,2018,8,8.198173725,73.48556393
1/9/2018,VIC,2018,9,10.01192415,67.76822027
1/10/2018,VIC,2018,10,14.09946581,64.57442681
1/11/2018,VIC,2018,11,15.43763069,65.42865655
1/12/2018,VIC,2018,12,19.78473396,63.18700723
1/1/2019,VIC,2019,1,22.0715425,56.21495286
1/2/2019,VIC,2019,2,19.61055804,58.65734632
1/3/2019,VIC,2019,3,18.25275358,60.59727299
1/4/2019,VIC,2019,4,14.97411653,64.21090876
1/5/2019,VIC,2019,5,11.06592468,79.92150831
1/6/2019,VIC,2019,6,8.478747188,83.69703702
1/7/2019,VIC,2019,7,8.628629303,82.5555205
1/8/2019,VIC,2019,8,8.045228398,77.35562653
1/9/2019,VIC,2019,9,10.34547683,72.44517999
1/10/2019,VIC,2019,10,13.86267346,64.35944096
1/11/2019,VIC,2019,11,14.36580059,63.33825779
1/12/2019,VIC,2019,12,18.37777977,58.20028085
1/1/2020,VIC,2020,1,19.69769674,62.56609845
1/2/2020,VIC,2020,2,18.45962568,71.04122747
1/3/2020,VIC,2020,3,16.3712265,66.45555901
1/4/2020,VIC,2020,4,13.00193955,76.3265405
1/5/2020,VIC,2020,5,9.788681475,81.08990061
1/6/2020,VIC,2020,6,8.167827186,85.64522486
1/7/2020,VIC,2020,7,7.977949541,86.42393414
1/8/2020,VIC,2020,8,8.580331175,80.16185757
1/9/2020,VIC,2020,9,11.42438493,72.22759273
1/10/2020,VIC,2020,10,13.31042584,73.4457713
1/11/2020,VIC,2020,11,17.59816231,62.38774283
1/12/2020,VIC,2020,12,16.249233,62.49308991
1/1/2021,VIC,2021,1,18.96708306,64.30556354
1/2/2021,VIC,2021,2,18.24601572,64.1614963
1/3/2021,VIC,2021,3,15.9716229,72.13566038
1/4/2021,VIC,2021,4,13.36562425,71.88293239
1/5/2021,VIC,2021,5,10.44525239,77.65634817
1/6/2021,VIC,2021,6,9.04204942,85.72529711
1/7/2021,VIC,2021,7,7.951714056,83.07683797
1/8/2021,VIC,2021,8,9.386961667,77.92186968
1/9/2021,VIC,2021,9,11.09930964,72.07933064
1/10/2021,VIC,2021,10,12.1905774,71.22370617
1/11/2021,VIC,2021,11,14.40508141,69.86728585
1/12/2021,VIC,2021,12,17.35475904,62.95686736
1/1/2022,VIC,2022,1,21.78456676,65.46185121
1/2/2022,VIC,2022,2,19.03161187,63.8926354
1/3/2022,VIC,2022,3,17.80215536,71.91737627
1/4/2022,VIC,2022,4,14.67699385,76.90409362
1/5/2022,VIC,2022,5,10.49260384,83.33740836
1/6/2022,VIC,2022,6,8.324674589,85.58751819
1/7/2022,VIC,2022,7,7.538265328,82.58927932
1/8/2022,VIC,2022,8,9.275134388,81.38242149
1/9/2022,VIC,2022,9,10.34911786,78.22677054
1/10/2022,VIC,2022,10,12.896791,77.32006768
1/11/2022,VIC,2022,11,13.6908335,73.14955317
1/12/2022,VIC,2022,12,16.85163251,64.78240889
1/1/2023,VIC,2023,1,19.72042422,64.11516839
1/2/2023,VIC,2023,2,18.50257994,63.69398223
1/3/2023,VIC,2023,3,16.74418215,70.99804807
1/4/2023,VIC,2023,4,13.53166575,77.20908196
1/5/2023,VIC,2023,5,9.92154519,81.11038261
1/6/2023,VIC,2023,6,9.179191759,83.50526744
1/7/2023,VIC,2023,7,8.789238916,83.44275056
1/8/2023,VIC,2023,8,9.444096965,80.69400691
1/9/2023,VIC,2023,9,12.34723811,68.46282279
1/10/2023,VIC,2023,10,12.40594631,68.58022069
1/11/2023,VIC,2023,11,16.03445476,70.16406845
1/12/2023,VIC,2023,12,17.95171566,68.9447454
1/1/2007,WA,2007,1,22.38012504,55.49978284
1/2/2007,WA,2007,2,23.5104295,57.57149128
1/3/2007,WA,2007,3,22.01284729,51.46735049
1/4/2007,WA,2007,4,18.03304391,66.93638978
1/5/2007,WA,2007,5,14.74918237,71.02609574
1/6/2007,WA,2007,6,13.38371906,69.3343086
1/7/2007,WA,2007,7,13.52661646,72.39250935
1/8/2007,WA,2007,8,13.09853825,73.58316916
1/9/2007,WA,2007,9,14.1992177,72.32012913
1/10/2007,WA,2007,10,16.07868481,64.39203451
1/11/2007,WA,2007,11,20.65374611,52.04445999
1/12/2007,WA,2007,12,20.93607081,54.50489928
1/1/2008,WA,2008,1,25.14521309,49.92160658
1/2/2008,WA,2008,2,24.80139932,51.83606838
1/3/2008,WA,2008,3,22.14380412,56.62625306
1/4/2008,WA,2008,4,17.61139349,67.1254082
1/5/2008,WA,2008,5,15.69151518,75.18092087
1/6/2008,WA,2008,6,13.01238567,72.65437883
1/7/2008,WA,2008,7,11.79929839,76.36983019
1/8/2008,WA,2008,8,11.74286783,65.06661431
1/9/2008,WA,2008,9,14.02323334,69.92766699
1/10/2008,WA,2008,10,17.01589134,64.92065303
1/11/2008,WA,2008,11,17.31709374,64.06980796
1/12/2008,WA,2008,12,20.9255562,58.26128754
1/1/2009,WA,2009,1,24.77033101,54.62533601
1/2/2009,WA,2009,2,23.93306541,52.4968816
1/3/2009,WA,2009,3,21.14485629,55.77580565
1/4/2009,WA,2009,4,19.69268678,55.95273955
1/5/2009,WA,2009,5,15.80106558,58.647097
1/6/2009,WA,2009,6,12.88330556,76.55921689
1/7/2009,WA,2009,7,11.57779385,76.42346277
1/8/2009,WA,2009,8,12.97531707,77.76442448
1/9/2009,WA,2009,9,12.95340405,70.65481669
1/10/2009,WA,2009,10,16.94642856,65.01392836
1/11/2009,WA,2009,11,19.59782317,58.68635166
1/12/2009,WA,2009,12,22.95713679,47.09100781
1/1/2010,WA,2010,1,25.2286254,46.9305388
1/2/2010,WA,2010,2,24.64821308,53.3232756
1/3/2010,WA,2010,3,22.89515954,55.76278629
1/4/2010,WA,2010,4,18.42389168,67.66942669
1/5/2010,WA,2010,5,14.58869101,68.76039647
1/6/2010,WA,2010,6,12.22118268,73.08711151
1/7/2010,WA,2010,7,11.13844669,74.79911632
1/8/2010,WA,2010,8,12.04409723,69.86992236
1/9/2010,WA,2010,9,14.20453332,60.61732231
1/10/2010,WA,2010,10,17.01646396,53.41880912
1/11/2010,WA,2010,11,21.63607216,47.75099834
1/12/2010,WA,2010,12,22.34518748,52.95599096
1/1/2011,WA,2011,1,24.81693358,54.53367593
1/2/2011,WA,2011,2,26.1177049,53.52014457
1/3/2011,WA,2011,3,23.75652756,52.747758
1/4/2011,WA,2011,4,19.76140721,57.38422623
1/5/2011,WA,2011,5,16.01640049,66.23523873
1/6/2011,WA,2011,6,13.57517344,73.30387157
1/7/2011,WA,2011,7,12.33906468,79.03864535
1/8/2011,WA,2011,8,13.32667341,73.06922047
1/9/2011,WA,2011,9,13.84895251,70.41214244
1/10/2011,WA,2011,10,17.22605961,67.69215109
1/11/2011,WA,2011,11,19.3194245,59.05557623
1/12/2011,WA,2011,12,23.01246284,56.38513987
1/1/2012,WA,2012,1,25.53561279,51.12780182
1/2/2012,WA,2012,2,23.62235711,57.50009695
1/3/2012,WA,2012,3,22.36675627,49.03494978
1/4/2012,WA,2012,4,19.00997717,61.93791184
1/5/2012,WA,2012,5,15.45965949,67.09709828
1/6/2012,WA,2012,6,13.45500933,73.17371981
1/7/2012,WA,2012,7,11.30494009,69.47674499
1/8/2012,WA,2012,8,12.90460832,74.08993888
1/9/2012,WA,2012,9,14.38237396,66.45714529
1/10/2012,WA,2012,10,17.63874938,59.39618159
1/11/2012,WA,2012,11,18.74758631,61.96390009
1/12/2012,WA,2012,12,23.49421653,55.02758505
1/1/2013,WA,2013,1,24.33872179,53.88872444
1/2/2013,WA,2013,2,25.20576454,48.82474965
1/3/2013,WA,2013,3,20.88420178,63.55119375
1/4/2013,WA,2013,4,20.91163842,65.82327539
1/5/2013,WA,2013,5,14.92369432,74.7139354
1/6/2013,WA,2013,6,12.69623177,75.12540156
1/7/2013,WA,2013,7,11.92085439,74.45616994
1/8/2013,WA,2013,8,14.04958928,77.25598407
1/9/2013,WA,2013,9,14.52517484,73.8356131
1/10/2013,WA,2013,10,17.09937064,66.78153856
1/11/2013,WA,2013,11,21.29022046,55.01272876
1/12/2013,WA,2013,12,22.73896093,51.08698956
1/1/2014,WA,2014,1,24.54827173,52.45790118
1/2/2014,WA,2014,2,24.71693558,47.99424215
1/3/2014,WA,2014,3,22.71477249,57.52092481
1/4/2014,WA,2014,4,19.08584488,62.38264836
1/5/2014,WA,2014,5,15.92662074,79.14265209
1/6/2014,WA,2014,6,12.67811796,72.71744481
1/7/2014,WA,2014,7,12.52355409,77.50531397
1/8/2014,WA,2014,8,14.68563841,70.30089431
1/9/2014,WA,2014,9,15.47538003,72.08844143
1/10/2014,WA,2014,10,17.63368242,65.88270493
1/11/2014,WA,2014,11,19.11121975,60.93910795
1/12/2014,WA,2014,12,21.57816412,53.1468128
1/1/2015,WA,2015,1,24.79529892,47.73208184
1/2/2015,WA,2015,2,24.91144623,55.60316313
1/3/2015,WA,2015,3,21.75205258,60.01522024
1/4/2015,WA,2015,4,18.44628233,62.86915788
1/5/2015,WA,2015,5,14.15837681,68.28624135
1/6/2015,WA,2015,6,14.08045101,73.77804538
1/7/2015,WA,2015,7,12.77312885,75.94860285
1/8/2015,WA,2015,8,12.9544819,74.64871112
1/9/2015,WA,2015,9,14.75349459,63.00066544
1/10/2015,WA,2015,10,19.0807193,61.70719889
1/11/2015,WA,2015,11,21.12223719,57.67914214
1/12/2015,WA,2015,12,22.18154272,51.82578621
1/1/2016,WA,2016,1,24.48430983,56.43529804
1/2/2016,WA,2016,2,24.06835858,50.81620768
1/3/2016,WA,2016,3,22.71273981,61.62969395
1/4/2016,WA,2016,4,18.83229757,70.82394275
1/5/2016,WA,2016,5,14.47094075,75.614816
1/6/2016,WA,2016,6,12.57031432,77.761442
1/7/2016,WA,2016,7,11.54421385,75.34910784
1/8/2016,WA,2016,8,11.73139289,74.85823835
1/9/2016,WA,2016,9,12.03943512,71.51963989
1/10/2016,WA,2016,10,15.29340017,65.07597288
1/11/2016,WA,2016,11,19.88030726,55.68927239
1/12/2016,WA,2016,12,21.22378938,55.29209429
1/1/2017,WA,2017,1,23.37709677,53.06644271
1/2/2017,WA,2017,2,22.87699308,62.52494276
1/3/2017,WA,2017,3,21.18222086,62.5168525
1/4/2017,WA,2017,4,18.62239903,62.13884534
1/5/2017,WA,2017,5,15.54699584,70.01528797
1/6/2017,WA,2017,6,13.64026726,67.15218074
1/7/2017,WA,2017,7,12.50525764,77.03999359
1/8/2017,WA,2017,8,12.9594067,75.72950692
1/9/2017,WA,2017,9,14.29141291,71.19477535
1/10/2017,WA,2017,10,16.3502289,65.2321299
1/11/2017,WA,2017,11,21.36983758,54.66253743
1/12/2017,WA,2017,12,22.44917617,53.74214346
1/1/2018,WA,2018,1,23.36993053,56.43297412
1/2/2018,WA,2018,2,22.71054581,60.1904279
1/3/2018,WA,2018,3,22.75223901,58.20806459
1/4/2018,WA,2018,4,18.82535132,67.40366037
1/5/2018,WA,2018,5,16.10992791,59.43081978
1/6/2018,WA,2018,6,12.9117538,76.27345734
1/7/2018,WA,2018,7,13.12798234,76.17189648
1/8/2018,WA,2018,8,12.02877199,75.18925243
1/9/2018,WA,2018,9,13.68273749,71.48896989
1/10/2018,WA,2018,10,16.95793294,69.93263526
1/11/2018,WA,2018,11,18.22911936,60.3490486
1/12/2018,WA,2018,12,21.91683033,56.43644657
1/1/2019,WA,2019,1,22.86646222,54.08918402
1/2/2019,WA,2019,2,23.68439231,55.11279042
1/3/2019,WA,2019,3,22.67031421,57.69762116
1/4/2019,WA,2019,4,18.24192234,61.4202454
1/5/2019,WA,2019,5,14.52318714,62.72411004
1/6/2019,WA,2019,6,13.35271498,69.13348205
1/7/2019,WA,2019,7,12.64258628,77.25980398
1/8/2019,WA,2019,8,13.16529471,68.53855813
1/9/2019,WA,2019,9,15.25732012,68.9276903
1/10/2019,WA,2019,10,17.24258506,64.91295846
1/11/2019,WA,2019,11,21.05281778,51.72685131
1/12/2019,WA,2019,12,25.0152053,48.3396322
1/1/2020,WA,2020,1,23.28905567,52.40589381
1/2/2020,WA,2020,2,25.01755069,56.3401705
1/3/2020,WA,2020,3,22.3331546,58.87980326
1/4/2020,WA,2020,4,19.53965554,62.68416617
1/5/2020,WA,2020,5,15.02071706,66.19233164
1/6/2020,WA,2020,6,14.64314888,69.60528485
1/7/2020,WA,2020,7,13.0429192,73.85275683
1/8/2020,WA,2020,8,12.84905137,73.77093794
1/9/2020,WA,2020,9,15.06552018,68.57448028
1/10/2020,WA,2020,10,17.70054146,60.85819432
1/11/2020,WA,2020,11,18.23441943,63.69554402
1/12/2020,WA,2020,12,23.42572427,47.63264144
1/1/2021,WA,2021,1,24.88151767,45.41204707
1/2/2021,WA,2021,2,22.77691148,56.16220195
1/3/2021,WA,2021,3,22.46580427,60.67011288
1/4/2021,WA,2021,4,19.44982996,64.5818708
1/5/2021,WA,2021,5,15.92644254,71.6982181
1/6/2021,WA,2021,6,12.2125588,77.79830947
1/7/2021,WA,2021,7,13.15576997,78.2847168
1/8/2021,WA,2021,8,13.09447515,72.6526954
1/9/2021,WA,2021,9,14.15691223,67.79892082
1/10/2021,WA,2021,10,14.92575915,67.8373178
1/11/2021,WA,2021,11,18.75236845,58.85102267
1/12/2021,WA,2021,12,23.57172776,51.31359035
1/1/2022,WA,2022,1,25.38663092,48.07540883
1/2/2022,WA,2022,2,25.51052999,50.25719062
1/3/2022,WA,2022,3,22.83359271,59.53434107
1/4/2022,WA,2022,4,18.41894119,65.36427741
1/5/2022,WA,2022,5,15.13805534,72.0275301
1/6/2022,WA,2022,6,13.48692489,78.28944439
1/7/2022,WA,2022,7,12.55829421,74.60612541
1/8/2022,WA,2022,8,12.18804742,73.40358881
1/9/2022,WA,2022,9,14.2035198,71.9313924
1/10/2022,WA,2022,10,14.87706127,66.96881049
1/11/2022,WA,2022,11,18.34994138,60.4315366
1/12/2022,WA,2022,12,22.29593957,51.92666185
1/1/2023,WA,2023,1,24.2917265,48.92947401
1/2/2023,WA,2023,2,24.15172949,53.26940782
1/3/2023,WA,2023,3,22.18709128,61.24770075
1/4/2023,WA,2023,4,16.81790668,68.29179756
1/5/2023,WA,2023,5,15.40528011,63.49486446
1/6/2023,WA,2023,6,11.32553362,78.42050856
1/7/2023,WA,2023,7,12.40793137,75.56533192
1/8/2023,WA,2023,8,13.24196752,76.0329906
1/9/2023,WA,2023,9,15.94679823,71.66591705
1/10/2023,WA,2023,10,18.59840688,56.30876736
1/11/2023,WA,2023,11,22.76562717,53.24654223
1/12/2023,WA,2023,12,23.55250812,50.11574055